region,brma,bedrooms,households
EAST_MIDLANDS,CHERWELL_VALLEY,1,356
EAST_MIDLANDS,CHERWELL_VALLEY,2,878
EAST_MIDLANDS,CHERWELL_VALLEY,3,812
EAST_MIDLANDS,CHERWELL_VALLEY,4+,339
EAST_MIDLANDS,CHESTERFIELD,1,1745
EAST_MIDLANDS,CHESTERFIELD,2,5822
EAST_MIDLANDS,CHESTERFIELD,3,4064
EAST_MIDLANDS,CHESTERFIELD,4+,724
EAST_MIDLANDS,COVENTRY,1,12
EAST_MIDLANDS,COVENTRY,2,49
EAST_MIDLANDS,COVENTRY,3,54
EAST_MIDLANDS,COVENTRY,4+,23
EAST_MIDLANDS,DERBY,1,5006
EAST_MIDLANDS,DERBY,2,14355
EAST_MIDLANDS,DERBY,3,10808
EAST_MIDLANDS,DERBY,4+,2805
EAST_MIDLANDS,DONCASTER,1,60
EAST_MIDLANDS,DONCASTER,2,129
EAST_MIDLANDS,DONCASTER,3,342
EAST_MIDLANDS,DONCASTER,4+,43
EAST_MIDLANDS,EASTERN_STAFFORDSHIRE,1,577
EAST_MIDLANDS,EASTERN_STAFFORDSHIRE,2,2367
EAST_MIDLANDS,EASTERN_STAFFORDSHIRE,3,2099
EAST_MIDLANDS,EASTERN_STAFFORDSHIRE,4+,492
EAST_MIDLANDS,GRANTHAM_NEWARK,1,1613
EAST_MIDLANDS,GRANTHAM_NEWARK,2,5029
EAST_MIDLANDS,GRANTHAM_NEWARK,3,4791
EAST_MIDLANDS,GRANTHAM_NEWARK,4+,1266
EAST_MIDLANDS,GRIMSBY,1,71
EAST_MIDLANDS,GRIMSBY,2,556
EAST_MIDLANDS,GRIMSBY,3,596
EAST_MIDLANDS,GRIMSBY,4+,186
EAST_MIDLANDS,KINGS_LYNN,1,9
EAST_MIDLANDS,KINGS_LYNN,2,38
EAST_MIDLANDS,KINGS_LYNN,3,43
EAST_MIDLANDS,KINGS_LYNN,4+,9
EAST_MIDLANDS,LEICESTER,1,14418
EAST_MIDLANDS,LEICESTER,2,30198
EAST_MIDLANDS,LEICESTER,3,28635
EAST_MIDLANDS,LEICESTER,4+,9210
EAST_MIDLANDS,LINCOLN,1,2702
EAST_MIDLANDS,LINCOLN,2,10111
EAST_MIDLANDS,LINCOLN,3,9875
EAST_MIDLANDS,LINCOLN,4+,3753
EAST_MIDLANDS,LINCOLNSHIRE_FENS,1,1705
EAST_MIDLANDS,LINCOLNSHIRE_FENS,2,4998
EAST_MIDLANDS,LINCOLNSHIRE_FENS,3,5108
EAST_MIDLANDS,LINCOLNSHIRE_FENS,4+,1279
EAST_MIDLANDS,MILTON_KEYNES,1,69
EAST_MIDLANDS,MILTON_KEYNES,2,174
EAST_MIDLANDS,MILTON_KEYNES,3,211
EAST_MIDLANDS,MILTON_KEYNES,4+,88
EAST_MIDLANDS,NORTHAMPTON,1,4425
EAST_MIDLANDS,NORTHAMPTON,2,10324
EAST_MIDLANDS,NORTHAMPTON,3,9119
EAST_MIDLANDS,NORTHAMPTON,4+,3311
EAST_MIDLANDS,NORTHANTS_CENTRAL,1,3023
EAST_MIDLANDS,NORTHANTS_CENTRAL,2,9453
EAST_MIDLANDS,NORTHANTS_CENTRAL,3,10617
EAST_MIDLANDS,NORTHANTS_CENTRAL,4+,2766
EAST_MIDLANDS,NORTH_NOTTINGHAM,1,2835
EAST_MIDLANDS,NORTH_NOTTINGHAM,2,10961
EAST_MIDLANDS,NORTH_NOTTINGHAM,3,13873
EAST_MIDLANDS,NORTH_NOTTINGHAM,4+,2250
EAST_MIDLANDS,NOTTINGHAM,1,10467
EAST_MIDLANDS,NOTTINGHAM,2,27504
EAST_MIDLANDS,NOTTINGHAM,3,22810
EAST_MIDLANDS,NOTTINGHAM,4+,8473
EAST_MIDLANDS,PEAKS_DALES,1,1203
EAST_MIDLANDS,PEAKS_DALES,2,2995
EAST_MIDLANDS,PEAKS_DALES,3,2435
EAST_MIDLANDS,PEAKS_DALES,4+,798
EAST_MIDLANDS,PETERBOROUGH,1,735
EAST_MIDLANDS,PETERBOROUGH,2,2653
EAST_MIDLANDS,PETERBOROUGH,3,2816
EAST_MIDLANDS,PETERBOROUGH,4+,886
EAST_MIDLANDS,RUGBY_EAST,1,530
EAST_MIDLANDS,RUGBY_EAST,2,1509
EAST_MIDLANDS,RUGBY_EAST,3,1740
EAST_MIDLANDS,RUGBY_EAST,4+,588
EAST_MIDLANDS,SCUNTHORPE,1,38
EAST_MIDLANDS,SCUNTHORPE,2,121
EAST_MIDLANDS,SCUNTHORPE,3,125
EAST_MIDLANDS,SCUNTHORPE,4+,43
EAST_MIDLANDS,SHEFFIELD,1,254
EAST_MIDLANDS,SHEFFIELD,2,774
EAST_MIDLANDS,SHEFFIELD,3,637
EAST_MIDLANDS,SHEFFIELD,4+,142
EAST_MIDLANDS,SOUTHERN_GREATER_MANCHESTER,1,303
EAST_MIDLANDS,SOUTHERN_GREATER_MANCHESTER,2,975
EAST_MIDLANDS,SOUTHERN_GREATER_MANCHESTER,3,574
EAST_MIDLANDS,SOUTHERN_GREATER_MANCHESTER,4+,130
EAST_MIDLANDS,TAMESIDE_GLOSSOP,1,295
EAST_MIDLANDS,TAMESIDE_GLOSSOP,2,1293
EAST_MIDLANDS,TAMESIDE_GLOSSOP,3,617
EAST_MIDLANDS,TAMESIDE_GLOSSOP,4+,140
EAST_MIDLANDS,WOLDS_AND_COAST,1,2058
EAST_MIDLANDS,WOLDS_AND_COAST,2,5120
EAST_MIDLANDS,WOLDS_AND_COAST,3,3688
EAST_MIDLANDS,WOLDS_AND_COAST,4+,972
EAST_OF_ENGLAND,AYLESBURY,1,236
EAST_OF_ENGLAND,AYLESBURY,2,357
EAST_OF_ENGLAND,AYLESBURY,3,227
EAST_OF_ENGLAND,AYLESBURY,4+,93
EAST_OF_ENGLAND,BEDFORD,1,4529
EAST_OF_ENGLAND,BEDFORD,2,7272
EAST_OF_ENGLAND,BEDFORD,3,6514
EAST_OF_ENGLAND,BEDFORD,4+,2210
EAST_OF_ENGLAND,BURY_ST_EDMUNDS,1,2437
EAST_OF_ENGLAND,BURY_ST_EDMUNDS,2,6728
EAST_OF_ENGLAND,BURY_ST_EDMUNDS,3,7753
EAST_OF_ENGLAND,BURY_ST_EDMUNDS,4+,3027
EAST_OF_ENGLAND,CAMBRIDGE,1,7659
EAST_OF_ENGLAND,CAMBRIDGE,2,14109
EAST_OF_ENGLAND,CAMBRIDGE,3,10553
EAST_OF_ENGLAND,CAMBRIDGE,4+,6066
EAST_OF_ENGLAND,CENTRAL_NORFOLK_NORWICH,1,8207
EAST_OF_ENGLAND,CENTRAL_NORFOLK_NORWICH,2,17902
EAST_OF_ENGLAND,CENTRAL_NORFOLK_NORWICH,3,14734
EAST_OF_ENGLAND,CENTRAL_NORFOLK_NORWICH,4+,5793
EAST_OF_ENGLAND,CHELMSFORD,1,4759
EAST_OF_ENGLAND,CHELMSFORD,2,8914
EAST_OF_ENGLAND,CHELMSFORD,3,6226
EAST_OF_ENGLAND,CHELMSFORD,4+,2199
EAST_OF_ENGLAND,COLCHESTER,1,6512
EAST_OF_ENGLAND,COLCHESTER,2,14452
EAST_OF_ENGLAND,COLCHESTER,3,9234
EAST_OF_ENGLAND,COLCHESTER,4+,3264
EAST_OF_ENGLAND,HARLOW_STORTFORD,1,3690
EAST_OF_ENGLAND,HARLOW_STORTFORD,2,6282
EAST_OF_ENGLAND,HARLOW_STORTFORD,3,4484
EAST_OF_ENGLAND,HARLOW_STORTFORD,4+,1968
EAST_OF_ENGLAND,HUNTINGDON,1,1935
EAST_OF_ENGLAND,HUNTINGDON,2,3934
EAST_OF_ENGLAND,HUNTINGDON,3,3642
EAST_OF_ENGLAND,HUNTINGDON,4+,1367
EAST_OF_ENGLAND,IPSWICH,1,5383
EAST_OF_ENGLAND,IPSWICH,2,11270
EAST_OF_ENGLAND,IPSWICH,3,10432
EAST_OF_ENGLAND,IPSWICH,4+,2736
EAST_OF_ENGLAND,KINGS_LYNN,1,2856
EAST_OF_ENGLAND,KINGS_LYNN,2,7381
EAST_OF_ENGLAND,KINGS_LYNN,3,7310
EAST_OF_ENGLAND,KINGS_LYNN,4+,2037
EAST_OF_ENGLAND,LOWESTOFT_GREAT_YARMOUTH,1,4036
EAST_OF_ENGLAND,LOWESTOFT_GREAT_YARMOUTH,2,7737
EAST_OF_ENGLAND,LOWESTOFT_GREAT_YARMOUTH,3,7199
EAST_OF_ENGLAND,LOWESTOFT_GREAT_YARMOUTH,4+,1430
EAST_OF_ENGLAND,LUTON,1,7601
EAST_OF_ENGLAND,LUTON,2,9363
EAST_OF_ENGLAND,LUTON,3,8716
EAST_OF_ENGLAND,LUTON,4+,2566
EAST_OF_ENGLAND,MILTON_KEYNES,1,679
EAST_OF_ENGLAND,MILTON_KEYNES,2,1759
EAST_OF_ENGLAND,MILTON_KEYNES,3,1185
EAST_OF_ENGLAND,MILTON_KEYNES,4+,372
EAST_OF_ENGLAND,NORTHANTS_CENTRAL,1,21
EAST_OF_ENGLAND,NORTHANTS_CENTRAL,2,46
EAST_OF_ENGLAND,NORTHANTS_CENTRAL,3,73
EAST_OF_ENGLAND,NORTHANTS_CENTRAL,4+,30
EAST_OF_ENGLAND,NORTH_WEST_LONDON,1,69
EAST_OF_ENGLAND,NORTH_WEST_LONDON,2,121
EAST_OF_ENGLAND,NORTH_WEST_LONDON,3,106
EAST_OF_ENGLAND,NORTH_WEST_LONDON,4+,164
EAST_OF_ENGLAND,OUTER_NORTH_EAST_LONDON,1,829
EAST_OF_ENGLAND,OUTER_NORTH_EAST_LONDON,2,1784
EAST_OF_ENGLAND,OUTER_NORTH_EAST_LONDON,3,1155
EAST_OF_ENGLAND,OUTER_NORTH_EAST_LONDON,4+,524
EAST_OF_ENGLAND,OUTER_NORTH_LONDON,1,302
EAST_OF_ENGLAND,OUTER_NORTH_LONDON,2,666
EAST_OF_ENGLAND,OUTER_NORTH_LONDON,3,406
EAST_OF_ENGLAND,OUTER_NORTH_LONDON,4+,187
EAST_OF_ENGLAND,PETERBOROUGH,1,4249
EAST_OF_ENGLAND,PETERBOROUGH,2,10206
EAST_OF_ENGLAND,PETERBOROUGH,3,10034
EAST_OF_ENGLAND,PETERBOROUGH,4+,3173
EAST_OF_ENGLAND,SOUTHEND,1,7793
EAST_OF_ENGLAND,SOUTHEND,2,11859
EAST_OF_ENGLAND,SOUTHEND,3,7673
EAST_OF_ENGLAND,SOUTHEND,4+,2487
EAST_OF_ENGLAND,SOUTH_EAST_HERTS,1,4794
EAST_OF_ENGLAND,SOUTH_EAST_HERTS,2,7948
EAST_OF_ENGLAND,SOUTH_EAST_HERTS,3,5030
EAST_OF_ENGLAND,SOUTH_EAST_HERTS,4+,2432
EAST_OF_ENGLAND,SOUTH_WEST_ESSEX,1,5865
EAST_OF_ENGLAND,SOUTH_WEST_ESSEX,2,10993
EAST_OF_ENGLAND,SOUTH_WEST_ESSEX,3,8363
EAST_OF_ENGLAND,SOUTH_WEST_ESSEX,4+,2429
EAST_OF_ENGLAND,SOUTH_WEST_HERTS,1,10481
EAST_OF_ENGLAND,SOUTH_WEST_HERTS,2,16159
EAST_OF_ENGLAND,SOUTH_WEST_HERTS,3,8614
EAST_OF_ENGLAND,SOUTH_WEST_HERTS,4+,4219
EAST_OF_ENGLAND,STEVENAGE_NORTH_HERTS,1,4123
EAST_OF_ENGLAND,STEVENAGE_NORTH_HERTS,2,5998
EAST_OF_ENGLAND,STEVENAGE_NORTH_HERTS,3,4462
EAST_OF_ENGLAND,STEVENAGE_NORTH_HERTS,4+,1441
LONDON,CENTRAL_LONDON,1,31649
LONDON,CENTRAL_LONDON,2,27084
LONDON,CENTRAL_LONDON,3,10829
LONDON,CENTRAL_LONDON,4+,5695
LONDON,INNER_EAST_LONDON,1,29027
LONDON,INNER_EAST_LONDON,2,28767
LONDON,INNER_EAST_LONDON,3,12062
LONDON,INNER_EAST_LONDON,4+,7563
LONDON,INNER_NORTH_LONDON,1,37332
LONDON,INNER_NORTH_LONDON,2,33252
LONDON,INNER_NORTH_LONDON,3,14675
LONDON,INNER_NORTH_LONDON,4+,9827
LONDON,INNER_SOUTH_EAST_LONDON,1,40493
LONDON,INNER_SOUTH_EAST_LONDON,2,46753
LONDON,INNER_SOUTH_EAST_LONDON,3,20074
LONDON,INNER_SOUTH_EAST_LONDON,4+,11807
LONDON,INNER_SOUTH_WEST_LONDON,1,15333
LONDON,INNER_SOUTH_WEST_LONDON,2,22328
LONDON,INNER_SOUTH_WEST_LONDON,3,10024
LONDON,INNER_SOUTH_WEST_LONDON,4+,6956
LONDON,INNER_WEST_LONDON,1,23310
LONDON,INNER_WEST_LONDON,2,24269
LONDON,INNER_WEST_LONDON,3,10527
LONDON,INNER_WEST_LONDON,4+,8178
LONDON,NORTH_WEST_LONDON,1,16491
LONDON,NORTH_WEST_LONDON,2,25700
LONDON,NORTH_WEST_LONDON,3,18202
LONDON,NORTH_WEST_LONDON,4+,9958
LONDON,OUTER_EAST_LONDON,1,18601
LONDON,OUTER_EAST_LONDON,2,24731
LONDON,OUTER_EAST_LONDON,3,16365
LONDON,OUTER_EAST_LONDON,4+,9288
LONDON,OUTER_NORTH_EAST_LONDON,1,14992
LONDON,OUTER_NORTH_EAST_LONDON,2,25660
LONDON,OUTER_NORTH_EAST_LONDON,3,21035
LONDON,OUTER_NORTH_EAST_LONDON,4+,7919
LONDON,OUTER_NORTH_LONDON,1,28786
LONDON,OUTER_NORTH_LONDON,2,36966
LONDON,OUTER_NORTH_LONDON,3,20998
LONDON,OUTER_NORTH_LONDON,4+,11989
LONDON,OUTER_SOUTH_EAST_LONDON,1,14580
LONDON,OUTER_SOUTH_EAST_LONDON,2,24800
LONDON,OUTER_SOUTH_EAST_LONDON,3,15870
LONDON,OUTER_SOUTH_EAST_LONDON,4+,5744
LONDON,OUTER_SOUTH_LONDON,1,19336
LONDON,OUTER_SOUTH_LONDON,2,25983
LONDON,OUTER_SOUTH_LONDON,3,14514
LONDON,OUTER_SOUTH_LONDON,4+,5892
LONDON,OUTER_SOUTH_WEST_LONDON,1,13344
LONDON,OUTER_SOUTH_WEST_LONDON,2,18231
LONDON,OUTER_SOUTH_WEST_LONDON,3,8832
LONDON,OUTER_SOUTH_WEST_LONDON,4+,6150
LONDON,OUTER_WEST_LONDON,1,13522
LONDON,OUTER_WEST_LONDON,2,19527
LONDON,OUTER_WEST_LONDON,3,16016
LONDON,OUTER_WEST_LONDON,4+,7743
NORTHERN_IRELAND,BELFAST,all,31175
NORTHERN_IRELAND,LOUGH_NEAGH_LOWER,all,15652
NORTHERN_IRELAND,LOUGH_NEAGH_UPPER,all,23933
NORTHERN_IRELAND,NORTH_NI,all,7169
NORTHERN_IRELAND,NORTH_WEST_NI,all,12592
NORTHERN_IRELAND,SOUTH_EAST_NI,all,19530
NORTHERN_IRELAND,SOUTH_NI,all,12697
NORTHERN_IRELAND,SOUTH_WEST_NI,all,9718
NORTH_EAST,DARLINGTON,1,1231
NORTH_EAST,DARLINGTON,2,6387
NORTH_EAST,DARLINGTON,3,4590
NORTH_EAST,DARLINGTON,4+,1147
NORTH_EAST,DURHAM,1,2107
NORTH_EAST,DURHAM,2,13762
NORTH_EAST,DURHAM,3,11383
NORTH_EAST,DURHAM,4+,3098
NORTH_EAST,NORTHUMBERLAND,1,1847
NORTH_EAST,NORTHUMBERLAND,2,8457
NORTH_EAST,NORTHUMBERLAND,3,7131
NORTH_EAST,NORTHUMBERLAND,4+,1531
NORTH_EAST,NORTH_CUMBRIA,1,7
NORTH_EAST,NORTH_CUMBRIA,2,54
NORTH_EAST,NORTH_CUMBRIA,3,57
NORTH_EAST,NORTH_CUMBRIA,4+,40
NORTH_EAST,SUNDERLAND,1,2816
NORTH_EAST,SUNDERLAND,2,11273
NORTH_EAST,SUNDERLAND,3,9723
NORTH_EAST,SUNDERLAND,4+,1846
NORTH_EAST,TEESSIDE,1,4281
NORTH_EAST,TEESSIDE,2,15747
NORTH_EAST,TEESSIDE,3,20170
NORTH_EAST,TEESSIDE,4+,3634
NORTH_EAST,TYNESIDE,1,8359
NORTH_EAST,TYNESIDE,2,33772
NORTH_EAST,TYNESIDE,3,21105
NORTH_EAST,TYNESIDE,4+,7009
NORTH_WEST,BARROW_IN_FURNESS,1,845
NORTH_WEST,BARROW_IN_FURNESS,2,3675
NORTH_WEST,BARROW_IN_FURNESS,3,2212
NORTH_WEST,BARROW_IN_FURNESS,4+,497
NORTH_WEST,BOLTON_AND_BURY,1,4087
NORTH_WEST,BOLTON_AND_BURY,2,18220
NORTH_WEST,BOLTON_AND_BURY,3,11388
NORTH_WEST,BOLTON_AND_BURY,4+,2348
NORTH_WEST,CENTRAL_GREATER_MANCHESTER,1,24412
NORTH_WEST,CENTRAL_GREATER_MANCHESTER,2,48853
NORTH_WEST,CENTRAL_GREATER_MANCHESTER,3,28015
NORTH_WEST,CENTRAL_GREATER_MANCHESTER,4+,10083
NORTH_WEST,CENTRAL_LANCS,1,4143
NORTH_WEST,CENTRAL_LANCS,2,11325
NORTH_WEST,CENTRAL_LANCS,3,10502
NORTH_WEST,CENTRAL_LANCS,4+,2726
NORTH_WEST,EAST_CHESHIRE,1,1562
NORTH_WEST,EAST_CHESHIRE,2,4887
NORTH_WEST,EAST_CHESHIRE,3,3028
NORTH_WEST,EAST_CHESHIRE,4+,1290
NORTH_WEST,EAST_LANCS,1,2753
NORTH_WEST,EAST_LANCS,2,13355
NORTH_WEST,EAST_LANCS,3,8896
NORTH_WEST,EAST_LANCS,4+,2042
NORTH_WEST,FYLDE_COAST,1,8378
NORTH_WEST,FYLDE_COAST,2,12915
NORTH_WEST,FYLDE_COAST,3,12035
NORTH_WEST,FYLDE_COAST,4+,2668
NORTH_WEST,GREATER_LIVERPOOL,1,13273
NORTH_WEST,GREATER_LIVERPOOL,2,26374
NORTH_WEST,GREATER_LIVERPOOL,3,26149
NORTH_WEST,GREATER_LIVERPOOL,4+,7309
NORTH_WEST,KENDAL,1,1209
NORTH_WEST,KENDAL,2,2599
NORTH_WEST,KENDAL,3,2134
NORTH_WEST,KENDAL,4+,771
NORTH_WEST,LANCASTER,1,2279
NORTH_WEST,LANCASTER,2,5166
NORTH_WEST,LANCASTER,3,3755
NORTH_WEST,LANCASTER,4+,1895
NORTH_WEST,NORTH_CHESHIRE,1,3330
NORTH_WEST,NORTH_CHESHIRE,2,10223
NORTH_WEST,NORTH_CHESHIRE,3,8248
NORTH_WEST,NORTH_CHESHIRE,4+,1601
NORTH_WEST,NORTH_CUMBRIA,1,1755
NORTH_WEST,NORTH_CUMBRIA,2,6387
NORTH_WEST,NORTH_CUMBRIA,3,4711
NORTH_WEST,NORTH_CUMBRIA,4+,1660
NORTH_WEST,OLDHAM_ROCHDALE,1,2411
NORTH_WEST,OLDHAM_ROCHDALE,2,13261
NORTH_WEST,OLDHAM_ROCHDALE,3,8558
NORTH_WEST,OLDHAM_ROCHDALE,4+,1660
NORTH_WEST,SOUTHERN_GREATER_MANCHESTER,1,5118
NORTH_WEST,SOUTHERN_GREATER_MANCHESTER,2,14979
NORTH_WEST,SOUTHERN_GREATER_MANCHESTER,3,10204
NORTH_WEST,SOUTHERN_GREATER_MANCHESTER,4+,2385
NORTH_WEST,SOUTHPORT,1,3251
NORTH_WEST,SOUTHPORT,2,5145
NORTH_WEST,SOUTHPORT,3,4226
NORTH_WEST,SOUTHPORT,4+,1371
NORTH_WEST,SOUTH_CHESHIRE,1,2341
NORTH_WEST,SOUTH_CHESHIRE,2,7247
NORTH_WEST,SOUTH_CHESHIRE,3,6474
NORTH_WEST,SOUTH_CHESHIRE,4+,2197
NORTH_WEST,STAFFORDSHIRE_NORTH,1,9
NORTH_WEST,STAFFORDSHIRE_NORTH,2,40
NORTH_WEST,STAFFORDSHIRE_NORTH,3,24
NORTH_WEST,STAFFORDSHIRE_NORTH,4+,5
NORTH_WEST,ST_HELENS,1,1019
NORTH_WEST,ST_HELENS,2,5783
NORTH_WEST,ST_HELENS,3,5072
NORTH_WEST,ST_HELENS,4+,728
NORTH_WEST,TAMESIDE_GLOSSOP,1,1773
NORTH_WEST,TAMESIDE_GLOSSOP,2,7921
NORTH_WEST,TAMESIDE_GLOSSOP,3,4139
NORTH_WEST,TAMESIDE_GLOSSOP,4+,782
NORTH_WEST,WEST_CHESHIRE,1,2847
NORTH_WEST,WEST_CHESHIRE,2,8218
NORTH_WEST,WEST_CHESHIRE,3,7742
NORTH_WEST,WEST_CHESHIRE,4+,2357
NORTH_WEST,WEST_CUMBRIA,1,821
NORTH_WEST,WEST_CUMBRIA,2,3052
NORTH_WEST,WEST_CUMBRIA,3,2492
NORTH_WEST,WEST_CUMBRIA,4+,633
NORTH_WEST,WEST_PENNINE,1,1708
NORTH_WEST,WEST_PENNINE,2,9867
NORTH_WEST,WEST_PENNINE,3,5878
NORTH_WEST,WEST_PENNINE,4+,1126
NORTH_WEST,WIGAN,1,2507
NORTH_WEST,WIGAN,2,11518
NORTH_WEST,WIGAN,3,10381
NORTH_WEST,WIGAN,4+,1618
NORTH_WEST,WIRRAL,1,4176
NORTH_WEST,WIRRAL,2,10388
NORTH_WEST,WIRRAL,3,10855
NORTH_WEST,WIRRAL,4+,2651
SCOTLAND,ABERDEEN_AND_SHIRE,1,8886
SCOTLAND,ABERDEEN_AND_SHIRE,2,14519
SCOTLAND,ABERDEEN_AND_SHIRE,3,5895
SCOTLAND,ABERDEEN_AND_SHIRE,4+,2663
SCOTLAND,ARGYLL_AND_BUTE,1,1127
SCOTLAND,ARGYLL_AND_BUTE,2,2130
SCOTLAND,ARGYLL_AND_BUTE,3,1301
SCOTLAND,ARGYLL_AND_BUTE,4+,438
SCOTLAND,AYRSHIRES,1,3355
SCOTLAND,AYRSHIRES,2,8338
SCOTLAND,AYRSHIRES,3,4611
SCOTLAND,AYRSHIRES,4+,909
SCOTLAND,DUMFRIES_AND_GALLOWAY,1,1520
SCOTLAND,DUMFRIES_AND_GALLOWAY,2,4075
SCOTLAND,DUMFRIES_AND_GALLOWAY,3,2990
SCOTLAND,DUMFRIES_AND_GALLOWAY,4+,904
SCOTLAND,DUNDEE_AND_ANGUS,1,5707
SCOTLAND,DUNDEE_AND_ANGUS,2,10456
SCOTLAND,DUNDEE_AND_ANGUS,3,4441
SCOTLAND,DUNDEE_AND_ANGUS,4+,1540
SCOTLAND,EAST_DUNBARTONSHIRE,1,599
SCOTLAND,EAST_DUNBARTONSHIRE,2,1262
SCOTLAND,EAST_DUNBARTONSHIRE,3,672
SCOTLAND,EAST_DUNBARTONSHIRE,4+,173
SCOTLAND,FIFE,1,3320
SCOTLAND,FIFE,2,9595
SCOTLAND,FIFE,3,5270
SCOTLAND,FIFE,4+,1462
SCOTLAND,FORTH_VALLEY,1,2636
SCOTLAND,FORTH_VALLEY,2,6918
SCOTLAND,FORTH_VALLEY,3,2937
SCOTLAND,FORTH_VALLEY,4+,790
SCOTLAND,GREATER_GLASGOW,1,14978
SCOTLAND,GREATER_GLASGOW,2,26740
SCOTLAND,GREATER_GLASGOW,3,7442
SCOTLAND,GREATER_GLASGOW,4+,2112
SCOTLAND,HIGHLAND_AND_ISLANDS,1,3284
SCOTLAND,HIGHLAND_AND_ISLANDS,2,8469
SCOTLAND,HIGHLAND_AND_ISLANDS,3,5915
SCOTLAND,HIGHLAND_AND_ISLANDS,4+,1841
SCOTLAND,LOTHIAN,1,18074
SCOTLAND,LOTHIAN,2,30012
SCOTLAND,LOTHIAN,3,10044
SCOTLAND,LOTHIAN,4+,4327
SCOTLAND,NORTH_LANARKSHIRE,1,2062
SCOTLAND,NORTH_LANARKSHIRE,2,6339
SCOTLAND,NORTH_LANARKSHIRE,3,3376
SCOTLAND,NORTH_LANARKSHIRE,4+,669
SCOTLAND,PERTH_AND_KINROSS,1,2098
SCOTLAND,PERTH_AND_KINROSS,2,4029
SCOTLAND,PERTH_AND_KINROSS,3,1965
SCOTLAND,PERTH_AND_KINROSS,4+,668
SCOTLAND,RENFREWSHIRE_AND_INVERCLYDE,1,4208
SCOTLAND,RENFREWSHIRE_AND_INVERCLYDE,2,6991
SCOTLAND,RENFREWSHIRE_AND_INVERCLYDE,3,2546
SCOTLAND,RENFREWSHIRE_AND_INVERCLYDE,4+,503
SCOTLAND,SCOTTISH_BORDERS,1,1461
SCOTLAND,SCOTTISH_BORDERS,2,3189
SCOTLAND,SCOTTISH_BORDERS,3,2271
SCOTLAND,SCOTTISH_BORDERS,4+,646
SCOTLAND,SOUTH_LANARKSHIRE,1,3051
SCOTLAND,SOUTH_LANARKSHIRE,2,7569
SCOTLAND,SOUTH_LANARKSHIRE,3,3282
SCOTLAND,SOUTH_LANARKSHIRE,4+,689
SCOTLAND,WEST_DUNBARTONSHIRE,1,927
SCOTLAND,WEST_DUNBARTONSHIRE,2,1625
SCOTLAND,WEST_DUNBARTONSHIRE,3,661
SCOTLAND,WEST_DUNBARTONSHIRE,4+,108
SCOTLAND,WEST_LOTHIAN,1,1247
SCOTLAND,WEST_LOTHIAN,2,3461
SCOTLAND,WEST_LOTHIAN,3,2186
SCOTLAND,WEST_LOTHIAN,4+,497
SOUTH_EAST,ASHFORD,1,1508
SOUTH_EAST,ASHFORD,2,3832
SOUTH_EAST,ASHFORD,3,3788
SOUTH_EAST,ASHFORD,4+,1207
SOUTH_EAST,AYLESBURY,1,2284
SOUTH_EAST,AYLESBURY,2,4739
SOUTH_EAST,AYLESBURY,3,3283
SOUTH_EAST,AYLESBURY,4+,1325
SOUTH_EAST,BASINGSTOKE,1,3291
SOUTH_EAST,BASINGSTOKE,2,6246
SOUTH_EAST,BASINGSTOKE,3,5391
SOUTH_EAST,BASINGSTOKE,4+,1892
SOUTH_EAST,BLACKWATER_VALLEY,1,5264
SOUTH_EAST,BLACKWATER_VALLEY,2,9018
SOUTH_EAST,BLACKWATER_VALLEY,3,7615
SOUTH_EAST,BLACKWATER_VALLEY,4+,3087
SOUTH_EAST,BOURNEMOUTH,1,594
SOUTH_EAST,BOURNEMOUTH,2,1255
SOUTH_EAST,BOURNEMOUTH,3,924
SOUTH_EAST,BOURNEMOUTH,4+,270
SOUTH_EAST,BRIGHTON_AND_HOVE,1,17890
SOUTH_EAST,BRIGHTON_AND_HOVE,2,16622
SOUTH_EAST,BRIGHTON_AND_HOVE,3,7918
SOUTH_EAST,BRIGHTON_AND_HOVE,4+,5194
SOUTH_EAST,CANTERBURY,1,3238
SOUTH_EAST,CANTERBURY,2,6227
SOUTH_EAST,CANTERBURY,3,4601
SOUTH_EAST,CANTERBURY,4+,2806
SOUTH_EAST,CHELTENHAM,1,106
SOUTH_EAST,CHELTENHAM,2,280
SOUTH_EAST,CHELTENHAM,3,277
SOUTH_EAST,CHELTENHAM,4+,139
SOUTH_EAST,CHERWELL_VALLEY,1,2457
SOUTH_EAST,CHERWELL_VALLEY,2,4517
SOUTH_EAST,CHERWELL_VALLEY,3,3859
SOUTH_EAST,CHERWELL_VALLEY,4+,1424
SOUTH_EAST,CHICHESTER,1,1944
SOUTH_EAST,CHICHESTER,2,4293
SOUTH_EAST,CHICHESTER,3,3781
SOUTH_EAST,CHICHESTER,4+,1429
SOUTH_EAST,CHILTERNS,1,4060
SOUTH_EAST,CHILTERNS,2,6924
SOUTH_EAST,CHILTERNS,3,5146
SOUTH_EAST,CHILTERNS,4+,2712
SOUTH_EAST,CRAWLEY_REIGATE,1,9830
SOUTH_EAST,CRAWLEY_REIGATE,2,15294
SOUTH_EAST,CRAWLEY_REIGATE,3,10364
SOUTH_EAST,CRAWLEY_REIGATE,4+,4139
SOUTH_EAST,DOVER_SHEPWAY,1,4422
SOUTH_EAST,DOVER_SHEPWAY,2,7610
SOUTH_EAST,DOVER_SHEPWAY,3,5141
SOUTH_EAST,DOVER_SHEPWAY,4+,1335
SOUTH_EAST,EASTBOURNE,1,4841
SOUTH_EAST,EASTBOURNE,2,7632
SOUTH_EAST,EASTBOURNE,3,4582
SOUTH_EAST,EASTBOURNE,4+,1523
SOUTH_EAST,EAST_THAMES_VALLEY,1,7656
SOUTH_EAST,EAST_THAMES_VALLEY,2,11639
SOUTH_EAST,EAST_THAMES_VALLEY,3,8361
SOUTH_EAST,EAST_THAMES_VALLEY,4+,4016
SOUTH_EAST,GUILDFORD,1,6007
SOUTH_EAST,GUILDFORD,2,8586
SOUTH_EAST,GUILDFORD,3,5675
SOUTH_EAST,GUILDFORD,4+,3789
SOUTH_EAST,HIGH_WEALD,1,5098
SOUTH_EAST,HIGH_WEALD,2,8475
SOUTH_EAST,HIGH_WEALD,3,5556
SOUTH_EAST,HIGH_WEALD,4+,2542
SOUTH_EAST,ISLE_OF_WIGHT,1,3027
SOUTH_EAST,ISLE_OF_WIGHT,2,5853
SOUTH_EAST,ISLE_OF_WIGHT,3,3617
SOUTH_EAST,ISLE_OF_WIGHT,4+,881
SOUTH_EAST,LUTON,1,18
SOUTH_EAST,LUTON,2,49
SOUTH_EAST,LUTON,3,45
SOUTH_EAST,LUTON,4+,22
SOUTH_EAST,MAIDSTONE,1,3114
SOUTH_EAST,MAIDSTONE,2,6250
SOUTH_EAST,MAIDSTONE,3,4337
SOUTH_EAST,MAIDSTONE,4+,1686
SOUTH_EAST,MEDWAY_SWALE,1,6006
SOUTH_EAST,MEDWAY_SWALE,2,11386
SOUTH_EAST,MEDWAY_SWALE,3,11997
SOUTH_EAST,MEDWAY_SWALE,4+,2685
SOUTH_EAST,MILTON_KEYNES,1,4723
SOUTH_EAST,MILTON_KEYNES,2,9451
SOUTH_EAST,MILTON_KEYNES,3,8472
SOUTH_EAST,MILTON_KEYNES,4+,3758
SOUTH_EAST,NEWBURY,1,1769
SOUTH_EAST,NEWBURY,2,3449
SOUTH_EAST,NEWBURY,3,2589
SOUTH_EAST,NEWBURY,4+,957
SOUTH_EAST,NORTH_WEST_KENT,1,4009
SOUTH_EAST,NORTH_WEST_KENT,2,7018
SOUTH_EAST,NORTH_WEST_KENT,3,5516
SOUTH_EAST,NORTH_WEST_KENT,4+,1477
SOUTH_EAST,OUTER_SOUTH_EAST_LONDON,1,6
SOUTH_EAST,OUTER_SOUTH_EAST_LONDON,2,31
SOUTH_EAST,OUTER_SOUTH_EAST_LONDON,3,26
SOUTH_EAST,OUTER_SOUTH_EAST_LONDON,4+,12
SOUTH_EAST,OUTER_SOUTH_LONDON,1,1737
SOUTH_EAST,OUTER_SOUTH_LONDON,2,3805
SOUTH_EAST,OUTER_SOUTH_LONDON,3,1976
SOUTH_EAST,OUTER_SOUTH_LONDON,4+,1047
SOUTH_EAST,OUTER_SOUTH_WEST_LONDON,1,244
SOUTH_EAST,OUTER_SOUTH_WEST_LONDON,2,483
SOUTH_EAST,OUTER_SOUTH_WEST_LONDON,3,264
SOUTH_EAST,OUTER_SOUTH_WEST_LONDON,4+,240
SOUTH_EAST,OXFORD,1,7907
SOUTH_EAST,OXFORD,2,13914
SOUTH_EAST,OXFORD,3,11444
SOUTH_EAST,OXFORD,4+,6761
SOUTH_EAST,PORTSMOUTH,1,9482
SOUTH_EAST,PORTSMOUTH,2,17019
SOUTH_EAST,PORTSMOUTH,3,13783
SOUTH_EAST,PORTSMOUTH,4+,4888
SOUTH_EAST,READING,1,10276
SOUTH_EAST,READING,2,15769
SOUTH_EAST,READING,3,11155
SOUTH_EAST,READING,4+,6138
SOUTH_EAST,SALISBURY,1,172
SOUTH_EAST,SALISBURY,2,433
SOUTH_EAST,SALISBURY,3,676
SOUTH_EAST,SALISBURY,4+,253
SOUTH_EAST,SOUTHAMPTON,1,13339
SOUTH_EAST,SOUTHAMPTON,2,18511
SOUTH_EAST,SOUTHAMPTON,3,12589
SOUTH_EAST,SOUTHAMPTON,4+,5961
SOUTH_EAST,SUSSEX_EAST,1,4988
SOUTH_EAST,SUSSEX_EAST,2,7500
SOUTH_EAST,SUSSEX_EAST,3,4270
SOUTH_EAST,SUSSEX_EAST,4+,1261
SOUTH_EAST,SWINDON,1,182
SOUTH_EAST,SWINDON,2,475
SOUTH_EAST,SWINDON,3,487
SOUTH_EAST,SWINDON,4+,359
SOUTH_EAST,THANET,1,4115
SOUTH_EAST,THANET,2,7065
SOUTH_EAST,THANET,3,4014
SOUTH_EAST,THANET,4+,1143
SOUTH_EAST,WALTON,1,6513
SOUTH_EAST,WALTON,2,10232
SOUTH_EAST,WALTON,3,5708
SOUTH_EAST,WALTON,4+,4088
SOUTH_EAST,WINCHESTER,1,1380
SOUTH_EAST,WINCHESTER,2,2907
SOUTH_EAST,WINCHESTER,3,2625
SOUTH_EAST,WINCHESTER,4+,1730
SOUTH_EAST,WORTHING,1,8491
SOUTH_EAST,WORTHING,2,9655
SOUTH_EAST,WORTHING,3,6394
SOUTH_EAST,WORTHING,4+,1916
SOUTH_WEST,BATH,1,3796
SOUTH_WEST,BATH,2,5235
SOUTH_WEST,BATH,3,3954
SOUTH_WEST,BATH,4+,2984
SOUTH_WEST,BOURNEMOUTH,1,13820
SOUTH_WEST,BOURNEMOUTH,2,21325
SOUTH_WEST,BOURNEMOUTH,3,11275
SOUTH_WEST,BOURNEMOUTH,4+,5167
SOUTH_WEST,BRISTOL,1,19319
SOUTH_WEST,BRISTOL,2,27170
SOUTH_WEST,BRISTOL,3,18247
SOUTH_WEST,BRISTOL,4+,10093
SOUTH_WEST,CHELTENHAM,1,5456
SOUTH_WEST,CHELTENHAM,2,8481
SOUTH_WEST,CHELTENHAM,3,6148
SOUTH_WEST,CHELTENHAM,4+,2827
SOUTH_WEST,EXETER,1,4847
SOUTH_WEST,EXETER,2,8719
SOUTH_WEST,EXETER,3,6607
SOUTH_WEST,EXETER,4+,3900
SOUTH_WEST,GLOUCESTER,1,5360
SOUTH_WEST,GLOUCESTER,2,10096
SOUTH_WEST,GLOUCESTER,3,8032
SOUTH_WEST,GLOUCESTER,4+,2972
SOUTH_WEST,KERNOW_WEST,1,6911
SOUTH_WEST,KERNOW_WEST,2,13526
SOUTH_WEST,KERNOW_WEST,3,10967
SOUTH_WEST,KERNOW_WEST,4+,3791
SOUTH_WEST,MENDIP,1,1847
SOUTH_WEST,MENDIP,2,3578
SOUTH_WEST,MENDIP,3,3006
SOUTH_WEST,MENDIP,4+,1025
SOUTH_WEST,MID_EAST_DEVON,1,1639
SOUTH_WEST,MID_EAST_DEVON,2,4121
SOUTH_WEST,MID_EAST_DEVON,3,3133
SOUTH_WEST,MID_EAST_DEVON,4+,1020
SOUTH_WEST,MID_WEST_DORSET,1,3157
SOUTH_WEST,MID_WEST_DORSET,2,5978
SOUTH_WEST,MID_WEST_DORSET,3,4562
SOUTH_WEST,MID_WEST_DORSET,4+,1482
SOUTH_WEST,MONMOUTHSHIRE,1,31
SOUTH_WEST,MONMOUTHSHIRE,2,92
SOUTH_WEST,MONMOUTHSHIRE,3,171
SOUTH_WEST,MONMOUTHSHIRE,4+,44
SOUTH_WEST,NEWBURY,1,16
SOUTH_WEST,NEWBURY,2,78
SOUTH_WEST,NEWBURY,3,156
SOUTH_WEST,NEWBURY,4+,58
SOUTH_WEST,NORTH_CORNWALL_DEVON_BORDERS,1,1615
SOUTH_WEST,NORTH_CORNWALL_DEVON_BORDERS,2,3413
SOUTH_WEST,NORTH_CORNWALL_DEVON_BORDERS,3,3317
SOUTH_WEST,NORTH_CORNWALL_DEVON_BORDERS,4+,1092
SOUTH_WEST,NORTH_DEVON,1,2362
SOUTH_WEST,NORTH_DEVON,2,5261
SOUTH_WEST,NORTH_DEVON,3,4307
SOUTH_WEST,NORTH_DEVON,4+,1467
SOUTH_WEST,PLYMOUTH,1,8834
SOUTH_WEST,PLYMOUTH,2,13867
SOUTH_WEST,PLYMOUTH,3,10467
SOUTH_WEST,PLYMOUTH,4+,3860
SOUTH_WEST,SALISBURY,1,2062
SOUTH_WEST,SALISBURY,2,5481
SOUTH_WEST,SALISBURY,3,6992
SOUTH_WEST,SALISBURY,4+,2419
SOUTH_WEST,SOUTH_DEVON,1,7843
SOUTH_WEST,SOUTH_DEVON,2,11753
SOUTH_WEST,SOUTH_DEVON,3,7949
SOUTH_WEST,SOUTH_DEVON,4+,2431
SOUTH_WEST,SWINDON,1,4143
SOUTH_WEST,SWINDON,2,9206
SOUTH_WEST,SWINDON,3,6546
SOUTH_WEST,SWINDON,4+,2132
SOUTH_WEST,TAUNTON_WEST_SOMERSET,1,3673
SOUTH_WEST,TAUNTON_WEST_SOMERSET,2,7597
SOUTH_WEST,TAUNTON_WEST_SOMERSET,3,6272
SOUTH_WEST,TAUNTON_WEST_SOMERSET,4+,1991
SOUTH_WEST,WARWICKSHIRE_SOUTH,1,8
SOUTH_WEST,WARWICKSHIRE_SOUTH,2,28
SOUTH_WEST,WARWICKSHIRE_SOUTH,3,36
SOUTH_WEST,WARWICKSHIRE_SOUTH,4+,4
SOUTH_WEST,WESTON_S_MARE,1,3478
SOUTH_WEST,WESTON_S_MARE,2,5871
SOUTH_WEST,WESTON_S_MARE,3,3644
SOUTH_WEST,WESTON_S_MARE,4+,1233
SOUTH_WEST,WEST_WILTSHIRE,1,2967
SOUTH_WEST,WEST_WILTSHIRE,2,6987
SOUTH_WEST,WEST_WILTSHIRE,3,5996
SOUTH_WEST,WEST_WILTSHIRE,4+,1990
SOUTH_WEST,YEOVIL,1,2667
SOUTH_WEST,YEOVIL,2,5707
SOUTH_WEST,YEOVIL,3,5294
SOUTH_WEST,YEOVIL,4+,1669
WALES,BLAENAU_GWENT,1,442
WALES,BLAENAU_GWENT,2,1882
WALES,BLAENAU_GWENT,3,2314
WALES,BLAENAU_GWENT,4+,205
WALES,BRECON_AND_RADNOR,1,745
WALES,BRECON_AND_RADNOR,2,1721
WALES,BRECON_AND_RADNOR,3,1981
WALES,BRECON_AND_RADNOR,4+,664
WALES,BRIDGEND,1,939
WALES,BRIDGEND,2,3401
WALES,BRIDGEND,3,4340
WALES,BRIDGEND,4+,834
WALES,CAERPHILLY,1,956
WALES,CAERPHILLY,2,3130
WALES,CAERPHILLY,3,5449
WALES,CAERPHILLY,4+,623
WALES,CARDIFF,1,9179
WALES,CARDIFF,2,13254
WALES,CARDIFF,3,8166
WALES,CARDIFF,4+,5181
WALES,CARMARTHENSHIRE,1,1235
WALES,CARMARTHENSHIRE,2,3805
WALES,CARMARTHENSHIRE,3,5734
WALES,CARMARTHENSHIRE,4+,1396
WALES,CEREDIGION,1,1219
WALES,CEREDIGION,2,2254
WALES,CEREDIGION,3,2300
WALES,CEREDIGION,4+,1135
WALES,FLINTSHIRE,1,859
WALES,FLINTSHIRE,2,2467
WALES,FLINTSHIRE,3,3140
WALES,FLINTSHIRE,4+,574
WALES,MERTHYR_CYNON,1,794
WALES,MERTHYR_CYNON,2,2975
WALES,MERTHYR_CYNON,3,4407
WALES,MERTHYR_CYNON,4+,581
WALES,MONMOUTHSHIRE,1,734
WALES,MONMOUTHSHIRE,2,1985
WALES,MONMOUTHSHIRE,3,2142
WALES,MONMOUTHSHIRE,4+,715
WALES,NEATH_PORT_TALBOT,1,817
WALES,NEATH_PORT_TALBOT,2,2926
WALES,NEATH_PORT_TALBOT,3,4813
WALES,NEATH_PORT_TALBOT,4+,616
WALES,NEWPORT,1,1793
WALES,NEWPORT,2,3724
WALES,NEWPORT,3,4407
WALES,NEWPORT,4+,1102
WALES,NORTH_CLWYD,1,3263
WALES,NORTH_CLWYD,2,7575
WALES,NORTH_CLWYD,3,5398
WALES,NORTH_CLWYD,4+,1462
WALES,NORTH_POWYS,1,627
WALES,NORTH_POWYS,2,1743
WALES,NORTH_POWYS,3,2085
WALES,NORTH_POWYS,4+,655
WALES,NORTH_WEST_WALES,1,1328
WALES,NORTH_WEST_WALES,2,3942
WALES,NORTH_WEST_WALES,3,4244
WALES,NORTH_WEST_WALES,4+,1696
WALES,PEMBROKESHIRE,1,1352
WALES,PEMBROKESHIRE,2,3059
WALES,PEMBROKESHIRE,3,3233
WALES,PEMBROKESHIRE,4+,928
WALES,SOUTH_GWYNEDD,1,365
WALES,SOUTH_GWYNEDD,2,942
WALES,SOUTH_GWYNEDD,3,855
WALES,SOUTH_GWYNEDD,4+,292
WALES,SWANSEA,1,3298
WALES,SWANSEA,2,6848
WALES,SWANSEA,3,6170
WALES,SWANSEA,4+,2588
WALES,TAFF_RHONDDA,1,1074
WALES,TAFF_RHONDDA,2,4038
WALES,TAFF_RHONDDA,3,6984
WALES,TAFF_RHONDDA,4+,1349
WALES,TORFAEN,1,437
WALES,TORFAEN,2,1704
WALES,TORFAEN,3,2046
WALES,TORFAEN,4+,308
WALES,VALE_OF_GLAMORGAN,1,1394
WALES,VALE_OF_GLAMORGAN,2,3506
WALES,VALE_OF_GLAMORGAN,3,3266
WALES,VALE_OF_GLAMORGAN,4+,820
WALES,WEST_CHESHIRE,1,120
WALES,WEST_CHESHIRE,2,408
WALES,WEST_CHESHIRE,3,535
WALES,WEST_CHESHIRE,4+,82
WALES,WREXHAM,1,1281
WALES,WREXHAM,2,4708
WALES,WREXHAM,3,3633
WALES,WREXHAM,4+,905
WEST_MIDLANDS,BIRMINGHAM,1,22680
WEST_MIDLANDS,BIRMINGHAM,2,34684
WEST_MIDLANDS,BIRMINGHAM,3,39709
WEST_MIDLANDS,BIRMINGHAM,4+,10752
WEST_MIDLANDS,BLACK_COUNTRY,1,12318
WEST_MIDLANDS,BLACK_COUNTRY,2,27150
WEST_MIDLANDS,BLACK_COUNTRY,3,32298
WEST_MIDLANDS,BLACK_COUNTRY,4+,5565
WEST_MIDLANDS,BRECON_AND_RADNOR,1,11
WEST_MIDLANDS,BRECON_AND_RADNOR,2,38
WEST_MIDLANDS,BRECON_AND_RADNOR,3,37
WEST_MIDLANDS,BRECON_AND_RADNOR,4+,27
WEST_MIDLANDS,CHELTENHAM,1,100
WEST_MIDLANDS,CHELTENHAM,2,312
WEST_MIDLANDS,CHELTENHAM,3,272
WEST_MIDLANDS,CHELTENHAM,4+,113
WEST_MIDLANDS,CHERWELL_VALLEY,1,31
WEST_MIDLANDS,CHERWELL_VALLEY,2,118
WEST_MIDLANDS,CHERWELL_VALLEY,3,94
WEST_MIDLANDS,CHERWELL_VALLEY,4+,47
WEST_MIDLANDS,COVENTRY,1,5822
WEST_MIDLANDS,COVENTRY,2,16383
WEST_MIDLANDS,COVENTRY,3,17783
WEST_MIDLANDS,COVENTRY,4+,5144
WEST_MIDLANDS,EASTERN_STAFFORDSHIRE,1,1338
WEST_MIDLANDS,EASTERN_STAFFORDSHIRE,2,4054
WEST_MIDLANDS,EASTERN_STAFFORDSHIRE,3,3551
WEST_MIDLANDS,EASTERN_STAFFORDSHIRE,4+,912
WEST_MIDLANDS,HEREFORDSHIRE,1,2931
WEST_MIDLANDS,HEREFORDSHIRE,2,5518
WEST_MIDLANDS,HEREFORDSHIRE,3,4831
WEST_MIDLANDS,HEREFORDSHIRE,4+,1735
WEST_MIDLANDS,MID_STAFFS,1,4290
WEST_MIDLANDS,MID_STAFFS,2,10976
WEST_MIDLANDS,MID_STAFFS,3,11548
WEST_MIDLANDS,MID_STAFFS,4+,2538
WEST_MIDLANDS,PEAKS_DALES,1,4
WEST_MIDLANDS,PEAKS_DALES,2,64
WEST_MIDLANDS,PEAKS_DALES,3,56
WEST_MIDLANDS,PEAKS_DALES,4+,19
WEST_MIDLANDS,RUGBY_EAST,1,1368
WEST_MIDLANDS,RUGBY_EAST,2,3087
WEST_MIDLANDS,RUGBY_EAST,3,2511
WEST_MIDLANDS,RUGBY_EAST,4+,876
WEST_MIDLANDS,SHROPSHIRE,1,5388
WEST_MIDLANDS,SHROPSHIRE,2,14043
WEST_MIDLANDS,SHROPSHIRE,3,16077
WEST_MIDLANDS,SHROPSHIRE,4+,4798
WEST_MIDLANDS,SOLIHULL,1,1240
WEST_MIDLANDS,SOLIHULL,2,3784
WEST_MIDLANDS,SOLIHULL,3,3214
WEST_MIDLANDS,SOLIHULL,4+,1114
WEST_MIDLANDS,STAFFORDSHIRE_NORTH,1,4115
WEST_MIDLANDS,STAFFORDSHIRE_NORTH,2,16808
WEST_MIDLANDS,STAFFORDSHIRE_NORTH,3,12015
WEST_MIDLANDS,STAFFORDSHIRE_NORTH,4+,2686
WEST_MIDLANDS,WARWICKSHIRE_SOUTH,1,3230
WEST_MIDLANDS,WARWICKSHIRE_SOUTH,2,7718
WEST_MIDLANDS,WARWICKSHIRE_SOUTH,3,4760
WEST_MIDLANDS,WARWICKSHIRE_SOUTH,4+,2572
WEST_MIDLANDS,WORCESTER_NORTH,1,3512
WEST_MIDLANDS,WORCESTER_NORTH,2,6576
WEST_MIDLANDS,WORCESTER_NORTH,3,6692
WEST_MIDLANDS,WORCESTER_NORTH,4+,1470
WEST_MIDLANDS,WORCESTER_SOUTH,1,4179
WEST_MIDLANDS,WORCESTER_SOUTH,2,8044
WEST_MIDLANDS,WORCESTER_SOUTH,3,5898
WEST_MIDLANDS,WORCESTER_SOUTH,4+,2200
YORKSHIRE,BARNSLEY,1,1719
YORKSHIRE,BARNSLEY,2,8351
YORKSHIRE,BARNSLEY,3,7314
YORKSHIRE,BARNSLEY,4+,1186
YORKSHIRE,BRADFORD_SOUTH_DALES,1,9183
YORKSHIRE,BRADFORD_SOUTH_DALES,2,19213
YORKSHIRE,BRADFORD_SOUTH_DALES,3,16770
YORKSHIRE,BRADFORD_SOUTH_DALES,4+,5780
YORKSHIRE,DARLINGTON,1,30
YORKSHIRE,DARLINGTON,2,124
YORKSHIRE,DARLINGTON,3,165
YORKSHIRE,DARLINGTON,4+,69
YORKSHIRE,DONCASTER,1,3600
YORKSHIRE,DONCASTER,2,11032
YORKSHIRE,DONCASTER,3,13397
YORKSHIRE,DONCASTER,4+,2579
YORKSHIRE,GRIMSBY,1,1781
YORKSHIRE,GRIMSBY,2,4675
YORKSHIRE,GRIMSBY,3,8531
YORKSHIRE,GRIMSBY,4+,1019
YORKSHIRE,HALIFAX,1,3065
YORKSHIRE,HALIFAX,2,8884
YORKSHIRE,HALIFAX,3,5210
YORKSHIRE,HALIFAX,4+,1281
YORKSHIRE,HARROGATE,1,2575
YORKSHIRE,HARROGATE,2,5125
YORKSHIRE,HARROGATE,3,3696
YORKSHIRE,HARROGATE,4+,1516
YORKSHIRE,HULL_EAST_RIDING,1,7563
YORKSHIRE,HULL_EAST_RIDING,2,20021
YORKSHIRE,HULL_EAST_RIDING,3,15550
YORKSHIRE,HULL_EAST_RIDING,4+,4392
YORKSHIRE,KIRKLEES,1,6427
YORKSHIRE,KIRKLEES,2,14498
YORKSHIRE,KIRKLEES,3,10182
YORKSHIRE,KIRKLEES,4+,2840
YORKSHIRE,LANCASTER,1,65
YORKSHIRE,LANCASTER,2,175
YORKSHIRE,LANCASTER,3,180
YORKSHIRE,LANCASTER,4+,49
YORKSHIRE,LEEDS,1,17077
YORKSHIRE,LEEDS,2,30655
YORKSHIRE,LEEDS,3,18484
YORKSHIRE,LEEDS,4+,10626
YORKSHIRE,RICHMOND_HAMBLETON,1,1030
YORKSHIRE,RICHMOND_HAMBLETON,2,3523
YORKSHIRE,RICHMOND_HAMBLETON,3,3793
YORKSHIRE,RICHMOND_HAMBLETON,4+,1355
YORKSHIRE,ROTHERHAM,1,1844
YORKSHIRE,ROTHERHAM,2,6221
YORKSHIRE,ROTHERHAM,3,7277
YORKSHIRE,ROTHERHAM,4+,999
YORKSHIRE,SCARBOROUGH,1,3062
YORKSHIRE,SCARBOROUGH,2,5365
YORKSHIRE,SCARBOROUGH,3,3776
YORKSHIRE,SCARBOROUGH,4+,1347
YORKSHIRE,SCUNTHORPE,1,1278
YORKSHIRE,SCUNTHORPE,2,3523
YORKSHIRE,SCUNTHORPE,3,5819
YORKSHIRE,SCUNTHORPE,4+,871
YORKSHIRE,SHEFFIELD,1,9218
YORKSHIRE,SHEFFIELD,2,15124
YORKSHIRE,SHEFFIELD,3,14361
YORKSHIRE,SHEFFIELD,4+,5487
YORKSHIRE,TEESSIDE,1,69
YORKSHIRE,TEESSIDE,2,306
YORKSHIRE,TEESSIDE,3,285
YORKSHIRE,TEESSIDE,4+,116
YORKSHIRE,WAKEFIELD,1,2901
YORKSHIRE,WAKEFIELD,2,10410
YORKSHIRE,WAKEFIELD,3,7924
YORKSHIRE,WAKEFIELD,4+,1738
YORKSHIRE,YORK,1,4416
YORKSHIRE,YORK,2,11288
YORKSHIRE,YORK,3,7161
YORKSHIRE,YORK,4+,4076
