brma,lha_category,median_weekly_rent,log_sd,rents,basis
ABERDEEN_AND_SHIRE,A,90.15,0.2047,742,30th percentile and list spread
ABERDEEN_AND_SHIRE,B,131.78,0.1466,2888,30th percentile and list spread
ABERDEEN_AND_SHIRE,C,174.66,0.1788,5275,30th percentile and list spread
ABERDEEN_AND_SHIRE,D,238.43,0.2323,1582,30th percentile and list spread
ABERDEEN_AND_SHIRE,E,369.62,0.2866,699,30th percentile and list spread
ARGYLL_AND_BUTE,A,97.44,0.1599,111,30th percentile and list spread
ARGYLL_AND_BUTE,B,123.98,0.1811,362,30th percentile and list spread
ARGYLL_AND_BUTE,C,167.14,0.1447,570,30th percentile and list spread
ARGYLL_AND_BUTE,D,207.23,0.2397,248,30th percentile and list spread
ARGYLL_AND_BUTE,E,373.08,0.2696,51,30th percentile and list spread
ASHFORD,A,108.37,0.1279,374,list
ASHFORD,B,212.43,0.1046,325,list
ASHFORD,C,256.57,0.1551,943,list
ASHFORD,D,310.27,0.1323,747,list
ASHFORD,E,393.81,0.164,183,list
AYLESBURY,A,119.65,0.1348,350,list
AYLESBURY,B,214.8,0.1305,819,list
AYLESBURY,C,273.93,0.1742,1639,list
AYLESBURY,D,357.79,0.1266,828,list
AYLESBURY,E,429.61,0.2026,206,list
AYRSHIRES,A,108.28,0.2499,331,30th percentile and list spread
AYRSHIRES,B,99.7,0.1447,1326,30th percentile and list spread
AYRSHIRES,C,128.37,0.1521,2322,30th percentile and list spread
AYRSHIRES,D,156.24,0.1866,1277,30th percentile and list spread
AYRSHIRES,E,230.1,0.3083,285,30th percentile and list spread
BARNSLEY,A,84.96,0.181,566,list
BARNSLEY,B,118.04,0.1771,447,list
BARNSLEY,C,134.49,0.1903,3433,list
BARNSLEY,D,159.34,0.2219,2158,list
BARNSLEY,E,203.43,0.2287,216,list
BARROW_IN_FURNESS,A,116.78,0.1573,207,list
BARROW_IN_FURNESS,B,133.08,0.1826,244,list
BARROW_IN_FURNESS,C,150.59,0.1788,1046,list
BARROW_IN_FURNESS,D,185.2,0.192,529,list
BARROW_IN_FURNESS,E,243.98,0.2421,106,list
BASINGSTOKE,A,119.65,0.2371,134,list
BASINGSTOKE,B,211.22,0.1274,1109,list
BASINGSTOKE,C,262.54,0.1842,2083,list
BASINGSTOKE,D,322.2,0.1933,1287,list
BASINGSTOKE,E,413.69,0.1917,344,list
BATH,A,150.62,0.1142,531,list
BATH,B,237.07,0.224,1202,list
BATH,C,300.98,0.2825,1855,list
BATH,D,359.39,0.2826,1241,list
BATH,E,545.54,0.1666,844,list
BEDFORD,A,116.92,0.1812,282,list
BEDFORD,B,179.58,0.1552,1169,list
BEDFORD,C,222.14,0.1817,2081,list
BEDFORD,D,287.32,0.2048,1664,list
BEDFORD,E,366.53,0.2004,393,list
BELFAST,A,94.77,0.1816,0,30th percentile and typical spread
BELFAST,B,173.33,0.1707,0,30th percentile and typical spread
BELFAST,C,195.31,0.1858,0,30th percentile and typical spread
BELFAST,D,220.49,0.2161,0,30th percentile and typical spread
BELFAST,E,284.15,0.2444,0,30th percentile and typical spread
BIRMINGHAM,A,112.55,0.2186,170,list
BIRMINGHAM,B,197.29,0.1605,5043,list
BIRMINGHAM,C,218.04,0.2241,7933,list
BIRMINGHAM,D,246.0,0.2171,6217,list
BIRMINGHAM,E,329.34,0.221,816,list
BLACKWATER_VALLEY,A,135.28,0.1224,322,list
BLACKWATER_VALLEY,B,223.62,0.1488,1519,list
BLACKWATER_VALLEY,C,288.08,0.1458,2144,list
BLACKWATER_VALLEY,D,358.01,0.1801,1289,list
BLACKWATER_VALLEY,E,491.95,0.1749,417,list
BLACK_COUNTRY,A,101.64,0.2051,191,list
BLACK_COUNTRY,B,143.48,0.1864,3223,list
BLACK_COUNTRY,C,174.57,0.1821,6722,list
BLACK_COUNTRY,D,212.45,0.231,6116,list
BLACK_COUNTRY,E,279.54,0.2605,762,list
BLAENAU_GWENT,A,78.42,0.1816,0,30th percentile and typical spread
BLAENAU_GWENT,B,98.21,0.1707,0,30th percentile and typical spread
BLAENAU_GWENT,C,126.8,0.1858,0,30th percentile and typical spread
BLAENAU_GWENT,D,151.26,0.2161,0,30th percentile and typical spread
BLAENAU_GWENT,E,195.73,0.2444,0,30th percentile and typical spread
BOLTON_AND_BURY,A,118.66,0.1951,179,list
BOLTON_AND_BURY,B,150.59,0.2019,449,list
BOLTON_AND_BURY,C,177.44,0.1821,2914,list
BOLTON_AND_BURY,D,216.84,0.2332,1652,list
BOLTON_AND_BURY,E,310.52,0.245,246,list
BOURNEMOUTH,A,125.53,0.2635,673,list
BOURNEMOUTH,B,197.93,0.1499,2592,list
BOURNEMOUTH,C,260.91,0.1945,4951,list
BOURNEMOUTH,D,332.06,0.1826,2472,list
BOURNEMOUTH,E,426.77,0.2155,769,list
BRADFORD_SOUTH_DALES,A,89.12,0.1824,505,list
BRADFORD_SOUTH_DALES,B,123.93,0.2132,1768,list
BRADFORD_SOUTH_DALES,C,152.57,0.2363,4128,list
BRADFORD_SOUTH_DALES,D,179.7,0.207,2920,list
BRADFORD_SOUTH_DALES,E,214.73,0.3328,535,list
BRECON_AND_RADNOR,A,85.32,0.1816,0,30th percentile and typical spread
BRECON_AND_RADNOR,B,87.14,0.1707,0,30th percentile and typical spread
BRECON_AND_RADNOR,C,118.39,0.1858,0,30th percentile and typical spread
BRECON_AND_RADNOR,D,148.2,0.2161,0,30th percentile and typical spread
BRECON_AND_RADNOR,E,185.25,0.2444,0,30th percentile and typical spread
BRIDGEND,A,77.22,0.1816,0,30th percentile and typical spread
BRIDGEND,B,122.12,0.1707,0,30th percentile and typical spread
BRIDGEND,C,145.26,0.1858,0,30th percentile and typical spread
BRIDGEND,D,165.7,0.2161,0,30th percentile and typical spread
BRIDGEND,E,228.75,0.2444,0,30th percentile and typical spread
BRIGHTON_AND_HOVE,A,151.5,0.1889,264,list
BRIGHTON_AND_HOVE,B,256.57,0.1945,2949,list
BRIGHTON_AND_HOVE,C,324.24,0.1878,4066,list
BRIGHTON_AND_HOVE,D,396.69,0.2523,2061,list
BRIGHTON_AND_HOVE,E,537.01,0.1654,794,list
BRISTOL,A,143.82,0.1859,681,list
BRISTOL,B,249.04,0.2133,4513,list
BRISTOL,C,303.23,0.1938,8124,list
BRISTOL,D,355.79,0.2165,4568,list
BRISTOL,E,509.95,0.2939,1518,list
BURY_ST_EDMUNDS,A,120.03,0.1439,76,list
BURY_ST_EDMUNDS,B,187.49,0.1554,597,list
BURY_ST_EDMUNDS,C,239.44,0.2051,2238,list
BURY_ST_EDMUNDS,D,287.32,0.1465,2422,list
BURY_ST_EDMUNDS,E,355.42,0.1863,766,list
CAERPHILLY,A,109.2,0.1816,0,30th percentile and typical spread
CAERPHILLY,B,116.47,0.1707,0,30th percentile and typical spread
CAERPHILLY,C,149.15,0.1858,0,30th percentile and typical spread
CAERPHILLY,D,161.11,0.2161,0,30th percentile and typical spread
CAERPHILLY,E,215.93,0.2444,0,30th percentile and typical spread
CAMBRIDGE,A,142.42,0.1331,723,list
CAMBRIDGE,B,266.56,0.2776,2239,list
CAMBRIDGE,C,301.69,0.2855,4723,list
CAMBRIDGE,D,343.6,0.2178,2887,list
CAMBRIDGE,E,430.99,0.3006,1076,list
CANTERBURY,A,108.46,0.1237,563,list
CANTERBURY,B,190.94,0.1916,890,list
CANTERBURY,C,250.6,0.2099,2043,list
CANTERBURY,D,298.33,0.1941,1358,list
CANTERBURY,E,357.79,0.1962,466,list
CARDIFF,A,118.48,0.1816,0,30th percentile and typical spread
CARDIFF,B,192.07,0.1707,0,30th percentile and typical spread
CARDIFF,C,234.14,0.1858,0,30th percentile and typical spread
CARDIFF,D,270.58,0.2161,0,30th percentile and typical spread
CARDIFF,E,359.99,0.2444,0,30th percentile and typical spread
CARMARTHENSHIRE,A,86.98,0.1816,0,30th percentile and typical spread
CARMARTHENSHIRE,B,110.17,0.1707,0,30th percentile and typical spread
CARMARTHENSHIRE,C,136.45,0.1858,0,30th percentile and typical spread
CARMARTHENSHIRE,D,151.53,0.2161,0,30th percentile and typical spread
CARMARTHENSHIRE,E,189.73,0.2444,0,30th percentile and typical spread
CENTRAL_GREATER_MANCHESTER,A,115.16,0.129,511,list
CENTRAL_GREATER_MANCHESTER,B,221.8,0.2026,4696,list
CENTRAL_GREATER_MANCHESTER,C,266.15,0.2414,10467,list
CENTRAL_GREATER_MANCHESTER,D,295.15,0.2542,3894,list
CENTRAL_GREATER_MANCHESTER,E,375.85,0.2384,714,list
CENTRAL_LANCS,A,77.05,0.1822,240,list
CENTRAL_LANCS,B,126.49,0.1945,818,list
CENTRAL_LANCS,C,156.61,0.183,3012,list
CENTRAL_LANCS,D,188.53,0.2133,2232,list
CENTRAL_LANCS,E,277.25,0.292,442,list
CENTRAL_LONDON,A,223.34,0.169,201,list
CENTRAL_LONDON,B,576.51,0.253,2605,list
CENTRAL_LONDON,C,774.16,0.2746,2780,list
CENTRAL_LONDON,D,1225.1,0.3979,936,list
CENTRAL_LONDON,E,1824.32,0.508,308,list
CENTRAL_NORFOLK_NORWICH,A,114.05,0.1814,277,list
CENTRAL_NORFOLK_NORWICH,B,166.41,0.1989,1987,list
CENTRAL_NORFOLK_NORWICH,C,194.66,0.1806,5635,list
CENTRAL_NORFOLK_NORWICH,D,233.24,0.2373,4765,list
CENTRAL_NORFOLK_NORWICH,E,323.24,0.2425,1245,list
CEREDIGION,A,85.32,0.1816,0,30th percentile and typical spread
CEREDIGION,B,113.36,0.1707,0,30th percentile and typical spread
CEREDIGION,C,135.82,0.1858,0,30th percentile and typical spread
CEREDIGION,D,154.14,0.2161,0,30th percentile and typical spread
CEREDIGION,E,186.31,0.2444,0,30th percentile and typical spread
CHELMSFORD,A,126.03,0.1966,437,list
CHELMSFORD,B,221.48,0.2086,1612,list
CHELMSFORD,C,277.67,0.2123,3187,list
CHELMSFORD,D,332.09,0.1767,1745,list
CHELMSFORD,E,422.06,0.1982,449,list
CHELTENHAM,A,114.18,0.1149,64,list
CHELTENHAM,B,179.69,0.2111,1389,list
CHELTENHAM,C,224.62,0.2396,2417,list
CHELTENHAM,D,292.0,0.2574,1597,list
CHELTENHAM,E,403.22,0.2788,414,list
CHERWELL_VALLEY,A,137.55,0.22,197,list
CHERWELL_VALLEY,B,206.85,0.1307,698,list
CHERWELL_VALLEY,C,257.16,0.1651,1423,list
CHERWELL_VALLEY,D,311.94,0.1886,992,list
CHERWELL_VALLEY,E,391.33,0.2668,247,list
CHESTERFIELD,A,96.62,0.2229,130,list
CHESTERFIELD,B,130.18,0.1583,390,list
CHESTERFIELD,C,155.76,0.2014,1912,list
CHESTERFIELD,D,179.72,0.2067,1275,list
CHESTERFIELD,E,227.65,0.3105,174,list
CHICHESTER,A,126.49,0.0567,76,list
CHICHESTER,B,206.85,0.1176,579,list
CHICHESTER,C,273.93,0.1654,1311,list
CHICHESTER,D,334.86,0.1766,946,list
CHICHESTER,E,427.22,0.213,238,list
CHILTERNS,A,140.06,0.1235,70,list
CHILTERNS,B,245.98,0.1707,822,list
CHILTERNS,C,313.06,0.2208,1203,list
CHILTERNS,D,405.73,0.2556,668,list
CHILTERNS,E,584.74,0.2909,255,list
COLCHESTER,A,118.48,0.1885,148,list
COLCHESTER,B,179.58,0.1565,1332,list
COLCHESTER,C,227.47,0.1911,3694,list
COLCHESTER,D,293.22,0.2088,2067,list
COLCHESTER,E,359.16,0.1856,550,list
COVENTRY,A,118.61,0.1381,362,list
COVENTRY,B,166.21,0.1801,818,list
COVENTRY,C,200.15,0.1555,2584,list
COVENTRY,D,243.92,0.2031,2028,list
COVENTRY,E,324.27,0.1864,305,list
CRAWLEY_REIGATE,A,162.42,0.182,333,list
CRAWLEY_REIGATE,B,238.67,0.165,2699,list
CRAWLEY_REIGATE,C,305.24,0.1592,4605,list
CRAWLEY_REIGATE,D,374.56,0.1683,2175,list
CRAWLEY_REIGATE,E,476.14,0.2034,625,list
DARLINGTON,A,84.14,0.2025,101,list
DARLINGTON,B,104.55,0.2201,416,list
DARLINGTON,C,131.95,0.1931,2035,list
DARLINGTON,D,155.93,0.2521,1133,list
DARLINGTON,E,214.59,0.342,253,list
DERBY,A,94.61,0.2493,445,list
DERBY,B,136.59,0.2032,1439,list
DERBY,C,173.73,0.1808,5028,list
DERBY,D,206.08,0.2106,3169,list
DERBY,E,287.55,0.256,604,list
DONCASTER,A,88.73,0.1434,1131,list
DONCASTER,B,117.54,0.2087,946,list
DONCASTER,C,140.46,0.1811,3306,list
DONCASTER,D,158.23,0.2213,3637,list
DONCASTER,E,214.73,0.342,385,list
DOVER_SHEPWAY,A,117.14,0.157,208,list
DOVER_SHEPWAY,B,151.81,0.2514,958,list
DOVER_SHEPWAY,C,208.84,0.2517,1639,list
DOVER_SHEPWAY,D,257.16,0.2576,899,list
DOVER_SHEPWAY,E,334.13,0.2361,221,list
DUMFRIES_AND_GALLOWAY,A,103.27,0.1333,350,30th percentile and list spread
DUMFRIES_AND_GALLOWAY,B,101.99,0.0764,382,30th percentile and list spread
DUMFRIES_AND_GALLOWAY,C,115.28,0.094,846,30th percentile and list spread
DUMFRIES_AND_GALLOWAY,D,134.22,0.1537,462,30th percentile and list spread
DUMFRIES_AND_GALLOWAY,E,193.7,0.1972,135,30th percentile and list spread
DUNDEE_AND_ANGUS,A,100.4,0.1919,579,30th percentile and list spread
DUNDEE_AND_ANGUS,B,118.82,0.1693,1378,30th percentile and list spread
DUNDEE_AND_ANGUS,C,176.36,0.2332,2568,30th percentile and list spread
DUNDEE_AND_ANGUS,D,239.97,0.2991,777,30th percentile and list spread
DUNDEE_AND_ANGUS,E,349.45,0.2537,316,30th percentile and list spread
DURHAM,A,124.56,0.2912,82,list
DURHAM,B,99.04,0.2219,377,list
DURHAM,C,118.75,0.2221,3701,list
DURHAM,D,143.06,0.2413,2672,list
DURHAM,E,203.91,0.3729,432,list
EASTBOURNE,A,115.31,0.1001,292,list
EASTBOURNE,B,190.08,0.171,1067,list
EASTBOURNE,C,245.98,0.1952,2375,list
EASTBOURNE,D,298.33,0.1944,1366,list
EASTBOURNE,E,381.87,0.1959,290,list
EASTERN_STAFFORDSHIRE,A,93.33,0.1947,156,list
EASTERN_STAFFORDSHIRE,B,134.18,0.1293,602,list
EASTERN_STAFFORDSHIRE,C,167.72,0.1492,1336,list
EASTERN_STAFFORDSHIRE,D,201.27,0.1752,990,list
EASTERN_STAFFORDSHIRE,E,286.96,0.2697,229,list
EAST_CHESHIRE,A,121.92,0.142,71,list
EAST_CHESHIRE,B,166.35,0.2018,168,list
EAST_CHESHIRE,C,205.17,0.3006,968,list
EAST_CHESHIRE,D,299.42,0.3006,466,list
EAST_CHESHIRE,E,543.41,0.3783,148,list
EAST_DUNBARTONSHIRE,A,116.01,0.2065,90,30th percentile and list spread
EAST_DUNBARTONSHIRE,B,158.05,0.2086,203,30th percentile and list spread
EAST_DUNBARTONSHIRE,C,207.66,0.2255,465,30th percentile and list spread
EAST_DUNBARTONSHIRE,D,282.34,0.22,215,30th percentile and list spread
EAST_DUNBARTONSHIRE,E,419.1,0.2378,94,30th percentile and list spread
EAST_LANCS,A,79.99,0.1465,93,list
EAST_LANCS,B,120.47,0.1519,652,list
EAST_LANCS,C,138.63,0.1654,3045,list
EAST_LANCS,D,166.35,0.2133,1618,list
EAST_LANCS,E,266.15,0.3597,297,list
EAST_THAMES_VALLEY,A,153.31,0.1464,106,list
EAST_THAMES_VALLEY,B,267.02,0.1674,1096,list
EAST_THAMES_VALLEY,C,343.01,0.1506,1946,list
EAST_THAMES_VALLEY,D,424.87,0.1977,922,list
EAST_THAMES_VALLEY,E,592.36,0.2482,310,list
EXETER,A,136.38,0.1446,356,list
EXETER,B,177.89,0.1767,874,list
EXETER,C,224.62,0.2315,1954,list
EXETER,D,291.87,0.2267,1426,list
EXETER,E,379.5,0.3826,462,list
FIFE,A,108.64,0.2249,387,30th percentile and list spread
FIFE,B,119.72,0.15,887,30th percentile and list spread
FIFE,C,153.1,0.2028,2524,30th percentile and list spread
FIFE,D,202.19,0.2482,1002,30th percentile and list spread
FIFE,E,370.6,0.3997,330,30th percentile and list spread
FLINTSHIRE,A,98.93,0.1816,0,30th percentile and typical spread
FLINTSHIRE,B,122.78,0.1707,0,30th percentile and typical spread
FLINTSHIRE,C,155.58,0.1858,0,30th percentile and typical spread
FLINTSHIRE,D,183.13,0.2161,0,30th percentile and typical spread
FLINTSHIRE,E,252.01,0.2444,0,30th percentile and typical spread
FORTH_VALLEY,A,117.49,0.1376,177,30th percentile and list spread
FORTH_VALLEY,B,133.2,0.1877,660,30th percentile and list spread
FORTH_VALLEY,C,185.98,0.2373,1979,30th percentile and list spread
FORTH_VALLEY,D,241.28,0.3624,624,30th percentile and list spread
FORTH_VALLEY,E,385.09,0.3648,185,30th percentile and list spread
FYLDE_COAST,A,94.09,0.1571,196,list
FYLDE_COAST,B,109.79,0.1796,1662,list
FYLDE_COAST,C,144.56,0.1716,3200,list
FYLDE_COAST,D,174.68,0.1821,2466,list
FYLDE_COAST,E,217.1,0.3721,458,list
GLOUCESTER,A,107.05,0.1181,59,list
GLOUCESTER,B,164.85,0.1608,1105,list
GLOUCESTER,C,202.15,0.1486,2046,list
GLOUCESTER,D,260.91,0.2605,1395,list
GLOUCESTER,E,332.06,0.2133,414,list
GRANTHAM_NEWARK,A,104.56,0.1808,285,list
GRANTHAM_NEWARK,B,122.4,0.1758,563,list
GRANTHAM_NEWARK,C,155.77,0.1783,1689,list
GRANTHAM_NEWARK,D,186.36,0.2004,1444,list
GRANTHAM_NEWARK,E,278.16,0.2965,281,list
GREATER_GLASGOW,A,126.94,0.2261,1016,30th percentile and list spread
GREATER_GLASGOW,B,194.66,0.2606,4131,30th percentile and list spread
GREATER_GLASGOW,C,235.3,0.2616,8344,30th percentile and list spread
GREATER_GLASGOW,D,305.92,0.4419,2110,30th percentile and list spread
GREATER_GLASGOW,E,488.28,0.2774,616,30th percentile and list spread
GREATER_LIVERPOOL,A,95.01,0.111,1419,list
GREATER_LIVERPOOL,B,155.26,0.2423,1875,list
GREATER_LIVERPOOL,C,180.7,0.2267,5078,list
GREATER_LIVERPOOL,D,199.62,0.2251,4409,list
GREATER_LIVERPOOL,E,265.03,0.3462,478,list
GRIMSBY,A,90.27,0.2471,528,list
GRIMSBY,B,101.71,0.1655,480,list
GRIMSBY,C,124.32,0.2019,1311,list
GRIMSBY,D,140.46,0.2323,1960,list
GRIMSBY,E,214.73,0.3099,169,list
GUILDFORD,A,147.93,0.1676,164,list
GUILDFORD,B,262.54,0.1539,1573,list
GUILDFORD,C,335.43,0.1507,2245,list
GUILDFORD,D,405.73,0.1945,1007,list
GUILDFORD,E,559.04,0.1984,461,list
HALIFAX,A,95.4,0.1119,139,list
HALIFAX,B,124.13,0.2071,612,list
HALIFAX,C,146.92,0.1924,1835,list
HALIFAX,D,177.05,0.2381,895,list
HALIFAX,E,224.91,0.2783,142,list
HARLOW_STORTFORD,A,126.03,0.1622,90,list
HARLOW_STORTFORD,B,221.48,0.1355,1296,list
HARLOW_STORTFORD,C,287.32,0.1718,1979,list
HARLOW_STORTFORD,D,344.31,0.1654,1236,list
HARLOW_STORTFORD,E,442.96,0.3083,418,list
HARROGATE,A,118.97,0.1492,127,list
HARROGATE,B,155.96,0.1292,638,list
HARROGATE,C,200.66,0.1811,1594,list
HARROGATE,D,248.64,0.2698,934,list
HARROGATE,E,382.19,0.3597,320,list
HEREFORDSHIRE,A,101.95,0.1904,129,list
HEREFORDSHIRE,B,134.18,0.1852,504,list
HEREFORDSHIRE,C,173.38,0.1648,977,list
HEREFORDSHIRE,D,215.22,0.2063,593,list
HEREFORDSHIRE,E,313.09,0.2281,184,list
HIGHLAND_AND_ISLANDS,A,107.62,0.1835,625,30th percentile and list spread
HIGHLAND_AND_ISLANDS,B,127.31,0.1653,787,30th percentile and list spread
HIGHLAND_AND_ISLANDS,C,161.94,0.1787,2217,30th percentile and list spread
HIGHLAND_AND_ISLANDS,D,194.66,0.2194,971,30th percentile and list spread
HIGHLAND_AND_ISLANDS,E,245.21,0.239,223,30th percentile and list spread
HIGH_WEALD,A,125.26,0.218,139,list
HIGH_WEALD,B,219.36,0.165,1156,list
HIGH_WEALD,C,305.24,0.1816,2023,list
HIGH_WEALD,D,368.98,0.2243,1166,list
HIGH_WEALD,E,537.01,0.2801,348,list
HULL_EAST_RIDING,A,98.99,0.2343,960,list
HULL_EAST_RIDING,B,107.37,0.2204,901,list
HULL_EAST_RIDING,C,131.1,0.1846,2685,list
HULL_EAST_RIDING,D,159.34,0.2243,1658,list
HULL_EAST_RIDING,E,218.37,0.3166,271,list
HUNTINGDON,A,124.83,0.2234,111,list
HUNTINGDON,B,176.04,0.137,722,list
HUNTINGDON,C,211.03,0.1343,1562,list
HUNTINGDON,D,255.46,0.2034,1096,list
HUNTINGDON,E,355.42,0.235,344,list
INNER_EAST_LONDON,A,204.18,0.2321,179,list
INNER_EAST_LONDON,B,423.37,0.1816,1660,list
INNER_EAST_LONDON,C,526.18,0.2082,2061,list
INNER_EAST_LONDON,D,653.19,0.2192,734,list
INNER_EAST_LONDON,E,846.59,0.1732,171,list
INNER_NORTH_LONDON,A,195.78,0.1813,162,list
INNER_NORTH_LONDON,B,423.37,0.2083,1716,list
INNER_NORTH_LONDON,C,523.55,0.2351,1990,list
INNER_NORTH_LONDON,D,665.29,0.2599,855,list
INNER_NORTH_LONDON,E,891.15,0.2771,249,list
INNER_SOUTH_EAST_LONDON,A,199.35,0.2038,646,list
INNER_SOUTH_EAST_LONDON,B,363.88,0.2081,4845,list
INNER_SOUTH_EAST_LONDON,C,446.01,0.2361,6521,list
INNER_SOUTH_EAST_LONDON,D,575.78,0.2447,2259,list
INNER_SOUTH_EAST_LONDON,E,752.63,0.2275,784,list
INNER_SOUTH_WEST_LONDON,A,263.31,0.3439,131,list
INNER_SOUTH_WEST_LONDON,B,401.59,0.1705,1579,list
INNER_SOUTH_WEST_LONDON,C,508.04,0.2154,2502,list
INNER_SOUTH_WEST_LONDON,D,665.29,0.2703,1197,list
INNER_SOUTH_WEST_LONDON,E,883.02,0.2399,384,list
INNER_WEST_LONDON,A,200.8,0.231,246,list
INNER_WEST_LONDON,B,387.08,0.1719,2080,list
INNER_WEST_LONDON,C,471.75,0.2027,2757,list
INNER_WEST_LONDON,D,639.88,0.2831,828,list
INNER_WEST_LONDON,E,909.7,0.2846,363,list
IPSWICH,A,110.1,0.2119,205,list
IPSWICH,B,166.41,0.1631,1368,list
IPSWICH,C,197.53,0.1339,3307,list
IPSWICH,D,238.25,0.2209,2638,list
IPSWICH,E,312.1,0.2186,425,list
ISLE_OF_WIGHT,A,80.89,0.0862,100,list
ISLE_OF_WIGHT,B,143.2,0.191,1064,list
ISLE_OF_WIGHT,C,184.48,0.1894,2350,list
ISLE_OF_WIGHT,D,223.62,0.2053,1332,list
ISLE_OF_WIGHT,E,300.72,0.2782,303,list
KENDAL,A,93.49,0.2478,95,list
KENDAL,B,149.71,0.0904,367,list
KENDAL,C,180.7,0.1481,727,list
KENDAL,D,215.63,0.1747,430,list
KENDAL,E,289.12,0.1813,118,list
KERNOW_WEST,A,121.89,0.1817,164,list
KERNOW_WEST,B,154.17,0.212,1325,list
KERNOW_WEST,C,195.68,0.2156,3263,list
KERNOW_WEST,D,237.19,0.2746,2503,list
KERNOW_WEST,E,349.85,0.3242,591,list
KINGS_LYNN,A,114.89,0.2239,108,list
KINGS_LYNN,B,152.16,0.1188,700,list
KINGS_LYNN,C,179.58,0.1426,1962,list
KINGS_LYNN,D,215.49,0.1654,1642,list
KINGS_LYNN,E,310.99,0.2448,366,list
KIRKLEES,A,87.89,0.2183,270,list
KIRKLEES,B,124.32,0.2053,1108,list
KIRKLEES,C,148.73,0.2236,2980,list
KIRKLEES,D,177.05,0.2661,1798,list
KIRKLEES,E,236.07,0.311,419,list
LANCASTER,A,101.03,0.1085,188,list
LANCASTER,B,138.63,0.1852,535,list
LANCASTER,C,162.63,0.1767,1571,list
LANCASTER,D,188.53,0.1875,781,list
LANCASTER,E,221.8,0.3032,233,list
LEEDS,A,115.28,0.2599,174,list
LEEDS,B,180.83,0.1814,2864,list
LEEDS,C,206.56,0.2256,6624,list
LEEDS,D,236.07,0.2477,2744,list
LEEDS,E,339.06,0.2849,866,list
LEICESTER,A,111.38,0.2272,466,list
LEICESTER,B,155.76,0.1458,2073,list
LEICESTER,C,189.15,0.1715,4467,list
LEICESTER,D,222.86,0.1817,3753,list
LEICESTER,E,311.52,0.2229,919,list
LINCOLN,A,93.43,0.1833,300,list
LINCOLN,B,149.77,0.2463,534,list
LINCOLN,C,176.91,0.2126,2643,list
LINCOLN,D,200.27,0.1986,2263,list
LINCOLN,E,275.58,0.2838,506,list
LINCOLNSHIRE_FENS,A,102.54,0.2951,198,list
LINCOLNSHIRE_FENS,B,137.79,0.1787,503,list
LINCOLNSHIRE_FENS,C,166.89,0.1216,1757,list
LINCOLNSHIRE_FENS,D,200.27,0.1352,1430,list
LINCOLNSHIRE_FENS,E,255.91,0.2356,151,list
LOTHIAN,A,138.29,0.1967,1156,30th percentile and list spread
LOTHIAN,B,226.36,0.1281,3969,30th percentile and list spread
LOTHIAN,C,309.94,0.21,7772,30th percentile and list spread
LOTHIAN,D,433.95,0.3103,2470,30th percentile and list spread
LOTHIAN,E,609.0,0.2492,1214,30th percentile and list spread
LOUGH_NEAGH_LOWER,A,104.45,0.1816,0,30th percentile and typical spread
LOUGH_NEAGH_LOWER,B,121.09,0.1707,0,30th percentile and typical spread
LOUGH_NEAGH_LOWER,C,151.9,0.1858,0,30th percentile and typical spread
LOUGH_NEAGH_LOWER,D,174.92,0.2161,0,30th percentile and typical spread
LOUGH_NEAGH_LOWER,E,194.27,0.2444,0,30th percentile and typical spread
LOUGH_NEAGH_UPPER,A,88.92,0.1816,0,30th percentile and typical spread
LOUGH_NEAGH_UPPER,B,120.55,0.1707,0,30th percentile and typical spread
LOUGH_NEAGH_UPPER,C,148.65,0.1858,0,30th percentile and typical spread
LOUGH_NEAGH_UPPER,D,170.4,0.2161,0,30th percentile and typical spread
LOUGH_NEAGH_UPPER,E,183.11,0.2444,0,30th percentile and typical spread
LOWESTOFT_GREAT_YARMOUTH,A,107.53,0.1616,174,list
LOWESTOFT_GREAT_YARMOUTH,B,122.18,0.1605,851,list
LOWESTOFT_GREAT_YARMOUTH,C,166.6,0.186,1502,list
LOWESTOFT_GREAT_YARMOUTH,D,188.82,0.217,1664,list
LOWESTOFT_GREAT_YARMOUTH,E,266.56,0.2726,209,list
LUTON,A,117.64,0.1174,297,list
LUTON,B,194.37,0.1476,2050,list
LUTON,C,251.41,0.1929,2655,list
LUTON,D,311.27,0.1718,1822,list
LUTON,E,383.1,0.1945,277,list
MAIDSTONE,A,124.07,0.0779,325,list
MAIDSTONE,B,212.43,0.1274,607,list
MAIDSTONE,C,268.33,0.1462,1396,list
MAIDSTONE,D,335.43,0.1602,784,list
MAIDSTONE,E,424.87,0.1579,248,list
MEDWAY_SWALE,A,125.62,0.165,175,list
MEDWAY_SWALE,B,201.25,0.2445,1400,list
MEDWAY_SWALE,C,257.16,0.2243,2586,list
MEDWAY_SWALE,D,293.38,0.2157,2171,list
MEDWAY_SWALE,E,380.14,0.2085,363,list
MENDIP,A,126.77,0.2021,225,list
MENDIP,B,157.24,0.1654,544,list
MENDIP,C,202.15,0.145,1244,list
MENDIP,D,269.54,0.2325,854,list
MENDIP,E,359.39,0.1928,279,list
MERTHYR_CYNON,A,78.42,0.1816,0,30th percentile and typical spread
MERTHYR_CYNON,B,131.45,0.1707,0,30th percentile and typical spread
MERTHYR_CYNON,C,145.87,0.1858,0,30th percentile and typical spread
MERTHYR_CYNON,D,166.6,0.2161,0,30th percentile and typical spread
MERTHYR_CYNON,E,214.38,0.2444,0,30th percentile and typical spread
MID_EAST_DEVON,A,121.62,0.1747,494,list
MID_EAST_DEVON,B,140.39,0.1676,531,list
MID_EAST_DEVON,C,177.89,0.1666,1364,list
MID_EAST_DEVON,D,224.62,0.2108,944,list
MID_EAST_DEVON,E,314.46,0.2398,223,list
MID_STAFFS,A,100.49,0.1531,177,list
MID_STAFFS,B,149.47,0.1828,981,list
MID_STAFFS,C,184.5,0.1676,3053,list
MID_STAFFS,D,218.04,0.224,2843,list
MID_STAFFS,E,311.43,0.2448,482,list
MID_WEST_DORSET,A,118.6,0.3051,386,list
MID_WEST_DORSET,B,166.04,0.1595,941,list
MID_WEST_DORSET,C,207.54,0.1895,2033,list
MID_WEST_DORSET,D,269.54,0.2349,1372,list
MID_WEST_DORSET,E,336.93,0.2309,309,list
MILTON_KEYNES,A,134.47,0.1772,186,list
MILTON_KEYNES,B,218.02,0.2327,1957,list
MILTON_KEYNES,C,262.54,0.1983,3891,list
MILTON_KEYNES,D,321.27,0.1801,2488,list
MILTON_KEYNES,E,405.73,0.158,847,list
MONMOUTHSHIRE,A,109.2,0.1816,0,30th percentile and typical spread
MONMOUTHSHIRE,B,157.33,0.1707,0,30th percentile and typical spread
MONMOUTHSHIRE,C,196.07,0.1858,0,30th percentile and typical spread
MONMOUTHSHIRE,D,232.1,0.2161,0,30th percentile and typical spread
MONMOUTHSHIRE,E,337.12,0.2444,0,30th percentile and typical spread
NEATH_PORT_TALBOT,A,94.04,0.1816,0,30th percentile and typical spread
NEATH_PORT_TALBOT,B,110.78,0.1707,0,30th percentile and typical spread
NEATH_PORT_TALBOT,C,129.44,0.1858,0,30th percentile and typical spread
NEATH_PORT_TALBOT,D,148.2,0.2161,0,30th percentile and typical spread
NEATH_PORT_TALBOT,E,165.94,0.2444,0,30th percentile and typical spread
NEWBURY,A,136.36,0.2345,687,list
NEWBURY,B,202.87,0.1485,562,list
NEWBURY,C,250.6,0.201,1010,list
NEWBURY,D,324.24,0.1654,415,list
NEWBURY,E,429.61,0.2386,159,list
NEWPORT,A,109.2,0.1816,0,30th percentile and typical spread
NEWPORT,B,157.33,0.1707,0,30th percentile and typical spread
NEWPORT,C,190.44,0.1858,0,30th percentile and typical spread
NEWPORT,D,222.97,0.2161,0,30th percentile and typical spread
NEWPORT,E,305.03,0.2444,0,30th percentile and typical spread
NORTHAMPTON,A,116.18,0.1451,982,list
NORTHAMPTON,B,173.73,0.1091,1443,list
NORTHAMPTON,C,206.08,0.1373,3820,list
NORTHAMPTON,D,255.91,0.1974,2363,list
NORTHAMPTON,E,333.8,0.1989,469,list
NORTHANTS_CENTRAL,A,104.56,0.1687,264,list
NORTHANTS_CENTRAL,B,154.66,0.1421,650,list
NORTHANTS_CENTRAL,C,191.7,0.1202,2222,list
NORTHANTS_CENTRAL,D,221.66,0.1569,2154,list
NORTHANTS_CENTRAL,E,311.52,0.2328,386,list
NORTHUMBERLAND,A,99.68,0.1655,138,list
NORTHUMBERLAND,B,107.95,0.1842,159,list
NORTHUMBERLAND,C,121.06,0.2071,1224,list
NORTHUMBERLAND,D,152.86,0.2427,734,list
NORTHUMBERLAND,E,214.7,0.2167,109,list
NORTH_CHESHIRE,A,97.93,0.2372,350,list
NORTH_CHESHIRE,B,138.63,0.2057,879,list
NORTH_CHESHIRE,C,168.66,0.2086,3579,list
NORTH_CHESHIRE,D,210.71,0.2982,1997,list
NORTH_CHESHIRE,E,312.61,0.3116,328,list
NORTH_CLWYD,A,93.08,0.1816,0,30th percentile and typical spread
NORTH_CLWYD,B,113.36,0.1707,0,30th percentile and typical spread
NORTH_CLWYD,C,152.82,0.1858,0,30th percentile and typical spread
NORTH_CLWYD,D,181.23,0.2161,0,30th percentile and typical spread
NORTH_CLWYD,E,240.81,0.2444,0,30th percentile and typical spread
NORTH_CORNWALL_DEVON_BORDERS,A,113.86,0.3206,167,list
NORTH_CORNWALL_DEVON_BORDERS,B,141.13,0.1921,233,list
NORTH_CORNWALL_DEVON_BORDERS,C,183.83,0.1709,587,list
NORTH_CORNWALL_DEVON_BORDERS,D,224.62,0.2315,573,list
NORTH_CORNWALL_DEVON_BORDERS,E,313.34,0.1981,127,list
NORTH_CUMBRIA,A,88.41,0.2128,443,list
NORTH_CUMBRIA,B,110.83,0.1658,515,list
NORTH_CUMBRIA,C,138.63,0.192,2147,list
NORTH_CUMBRIA,D,173.47,0.2209,1367,list
NORTH_CUMBRIA,E,220.69,0.2667,318,list
NORTH_DEVON,A,130.46,0.214,152,list
NORTH_DEVON,B,129.26,0.1616,449,list
NORTH_DEVON,C,173.05,0.1492,1130,list
NORTH_DEVON,D,213.39,0.1654,839,list
NORTH_DEVON,E,284.94,0.2432,212,list
NORTH_LANARKSHIRE,A,95.67,0.1866,164,30th percentile and list spread
NORTH_LANARKSHIRE,B,118.18,0.1413,740,30th percentile and list spread
NORTH_LANARKSHIRE,C,155.46,0.1397,1626,30th percentile and list spread
NORTH_LANARKSHIRE,D,186.56,0.2109,805,30th percentile and list spread
NORTH_LANARKSHIRE,E,254.16,0.2282,172,30th percentile and list spread
NORTH_NI,A,92.85,0.1816,0,30th percentile and typical spread
NORTH_NI,B,149.01,0.1707,0,30th percentile and typical spread
NORTH_NI,C,154.62,0.1858,0,30th percentile and typical spread
NORTH_NI,D,170.04,0.2161,0,30th percentile and typical spread
NORTH_NI,E,190.87,0.2444,0,30th percentile and typical spread
NORTH_NOTTINGHAM,A,93.05,0.192,355,list
NORTH_NOTTINGHAM,B,125.8,0.2133,829,list
NORTH_NOTTINGHAM,C,155.76,0.167,3484,list
NORTH_NOTTINGHAM,D,173.73,0.2202,4445,list
NORTH_NOTTINGHAM,E,239.22,0.3022,525,list
NORTH_POWYS,A,85.32,0.1816,0,30th percentile and typical spread
NORTH_POWYS,B,90.38,0.1707,0,30th percentile and typical spread
NORTH_POWYS,C,119.32,0.1858,0,30th percentile and typical spread
NORTH_POWYS,D,151.6,0.2161,0,30th percentile and typical spread
NORTH_POWYS,E,183.3,0.2444,0,30th percentile and typical spread
NORTH_WEST_KENT,A,132.23,0.1554,153,list
NORTH_WEST_KENT,B,223.62,0.2012,917,list
NORTH_WEST_KENT,C,298.33,0.2133,1829,list
NORTH_WEST_KENT,D,357.79,0.2133,1246,list
NORTH_WEST_KENT,E,447.23,0.2555,228,list
NORTH_WEST_LONDON,A,163.62,0.1326,162,list
NORTH_WEST_LONDON,B,338.69,0.2336,1895,list
NORTH_WEST_LONDON,C,399.18,0.1998,3120,list
NORTH_WEST_LONDON,D,501.27,0.1658,1376,list
NORTH_WEST_LONDON,E,629.0,0.1712,431,list
NORTH_WEST_NI,A,110.35,0.1816,0,30th percentile and typical spread
NORTH_WEST_NI,B,123.44,0.1707,0,30th percentile and typical spread
NORTH_WEST_NI,C,148.2,0.1858,0,30th percentile and typical spread
NORTH_WEST_NI,D,169.86,0.2161,0,30th percentile and typical spread
NORTH_WEST_NI,E,198.73,0.2444,0,30th percentile and typical spread
NORTH_WEST_WALES,A,91.27,0.1816,0,30th percentile and typical spread
NORTH_WEST_WALES,B,114.25,0.1707,0,30th percentile and typical spread
NORTH_WEST_WALES,C,144.65,0.1858,0,30th percentile and typical spread
NORTH_WEST_WALES,D,170.89,0.2161,0,30th percentile and typical spread
NORTH_WEST_WALES,E,208.17,0.2444,0,30th percentile and typical spread
NOTTINGHAM,A,100.44,0.1749,1204,list
NOTTINGHAM,B,166.89,0.2095,3116,list
NOTTINGHAM,C,194.1,0.2058,9128,list
NOTTINGHAM,D,221.42,0.2109,6913,list
NOTTINGHAM,E,300.41,0.2848,957,list
OLDHAM_ROCHDALE,A,104.21,0.1186,176,list
OLDHAM_ROCHDALE,B,138.54,0.1778,326,list
OLDHAM_ROCHDALE,C,168.66,0.2225,1892,list
OLDHAM_ROCHDALE,D,212.16,0.2361,1082,list
OLDHAM_ROCHDALE,E,301.17,0.297,160,list
OUTER_EAST_LONDON,A,172.95,0.1895,190,list
OUTER_EAST_LONDON,B,345.32,0.1684,2677,list
OUTER_EAST_LONDON,C,411.27,0.19,3156,list
OUTER_EAST_LONDON,D,483.84,0.2026,1354,list
OUTER_EAST_LONDON,E,561.43,0.1863,297,list
OUTER_NORTH_EAST_LONDON,A,163.62,0.2411,119,list
OUTER_NORTH_EAST_LONDON,B,290.3,0.1437,1897,list
OUTER_NORTH_EAST_LONDON,C,362.89,0.1603,3320,list
OUTER_NORTH_EAST_LONDON,D,435.47,0.1711,2035,list
OUTER_NORTH_EAST_LONDON,E,554.74,0.1801,431,list
OUTER_NORTH_LONDON,A,166.04,0.1898,176,list
OUTER_NORTH_LONDON,B,320.55,0.1522,1903,list
OUTER_NORTH_LONDON,C,389.88,0.1603,3272,list
OUTER_NORTH_LONDON,D,490.13,0.1994,1428,list
OUTER_NORTH_LONDON,E,653.19,0.2441,492,list
OUTER_SOUTH_EAST_LONDON,A,178.23,0.1596,183,list
OUTER_SOUTH_EAST_LONDON,B,300.76,0.162,2554,list
OUTER_SOUTH_EAST_LONDON,C,367.6,0.1539,3816,list
OUTER_SOUTH_EAST_LONDON,D,445.57,0.1811,1945,list
OUTER_SOUTH_EAST_LONDON,E,544.33,0.1953,520,list
OUTER_SOUTH_LONDON,A,163.89,0.2052,150,list
OUTER_SOUTH_LONDON,B,278.48,0.1558,2379,list
OUTER_SOUTH_LONDON,C,345.32,0.1484,4185,list
OUTER_SOUTH_LONDON,D,445.57,0.1916,1679,list
OUTER_SOUTH_LONDON,E,556.96,0.1849,442,list
OUTER_SOUTH_WEST_LONDON,A,178.23,0.1589,112,list
OUTER_SOUTH_WEST_LONDON,B,334.18,0.1766,1302,list
OUTER_SOUTH_WEST_LONDON,C,418.53,0.2226,2135,list
OUTER_SOUTH_WEST_LONDON,D,556.96,0.2705,1030,list
OUTER_SOUTH_WEST_LONDON,E,725.77,0.2726,400,list
OUTER_WEST_LONDON,A,163.62,0.2065,215,list
OUTER_WEST_LONDON,B,300.76,0.1484,1095,list
OUTER_WEST_LONDON,C,367.6,0.1352,1432,list
OUTER_WEST_LONDON,D,432.88,0.233,971,list
OUTER_WEST_LONDON,E,534.69,0.2054,203,list
OXFORD,A,156.83,0.1627,282,list
OXFORD,B,245.98,0.2502,1896,list
OXFORD,C,313.06,0.197,4171,list
OXFORD,D,363.37,0.2135,2567,list
OXFORD,E,501.21,0.2935,807,list
PEAKS_DALES,A,87.86,0.207,222,list
PEAKS_DALES,B,131.8,0.1934,369,list
PEAKS_DALES,C,161.75,0.2265,950,list
PEAKS_DALES,D,190.51,0.232,747,list
PEAKS_DALES,E,287.55,0.334,165,list
PEMBROKESHIRE,A,84.13,0.1816,0,30th percentile and typical spread
PEMBROKESHIRE,B,112.15,0.1707,0,30th percentile and typical spread
PEMBROKESHIRE,C,133.16,0.1858,0,30th percentile and typical spread
PEMBROKESHIRE,D,161.11,0.2161,0,30th percentile and typical spread
PEMBROKESHIRE,E,210.39,0.2444,0,30th percentile and typical spread
PERTH_AND_KINROSS,A,101.19,0.1826,180,30th percentile and list spread
PERTH_AND_KINROSS,B,108.09,0.099,734,30th percentile and list spread
PERTH_AND_KINROSS,C,148.42,0.1762,1248,30th percentile and list spread
PERTH_AND_KINROSS,D,198.5,0.2011,378,30th percentile and list spread
PERTH_AND_KINROSS,E,350.68,0.3021,135,30th percentile and list spread
PETERBOROUGH,A,98.7,0.2304,246,list
PETERBOROUGH,B,161.05,0.1403,1671,list
PETERBOROUGH,C,194.37,0.1397,4569,list
PETERBOROUGH,D,227.47,0.1877,4035,list
PETERBOROUGH,E,311.27,0.186,806,list
PLYMOUTH,A,118.6,0.1444,1095,list
PLYMOUTH,B,154.17,0.1807,2088,list
PLYMOUTH,C,185.31,0.1715,4328,list
PLYMOUTH,D,225.33,0.2165,2457,list
PLYMOUTH,E,303.23,0.2213,501,list
PORTSMOUTH,A,117.7,0.1906,570,list
PORTSMOUTH,B,190.94,0.1521,2832,list
PORTSMOUTH,C,238.67,0.1899,5997,list
PORTSMOUTH,D,300.72,0.1664,3715,list
PORTSMOUTH,E,369.93,0.1801,754,list
READING,A,145.27,0.2222,352,list
READING,B,250.6,0.1753,2808,list
READING,C,313.06,0.1583,4123,list
READING,D,380.14,0.1642,2015,list
READING,E,489.27,0.1952,731,list
RENFREWSHIRE_AND_INVERCLYDE,A,98.68,0.2083,206,30th percentile and list spread
RENFREWSHIRE_AND_INVERCLYDE,B,115.35,0.1439,1454,30th percentile and list spread
RENFREWSHIRE_AND_INVERCLYDE,C,153.19,0.1896,2121,30th percentile and list spread
RENFREWSHIRE_AND_INVERCLYDE,D,189.21,0.2344,762,30th percentile and list spread
RENFREWSHIRE_AND_INVERCLYDE,E,327.6,0.2836,136,30th percentile and list spread
RICHMOND_HAMBLETON,A,118.66,0.2249,84,list
RICHMOND_HAMBLETON,B,123.93,0.1103,211,list
RICHMOND_HAMBLETON,C,153.45,0.1654,694,list
RICHMOND_HAMBLETON,D,182.96,0.2264,465,list
RICHMOND_HAMBLETON,E,239.64,0.2396,116,list
ROTHERHAM,A,94.66,0.1252,94,list
ROTHERHAM,B,118.67,0.1811,354,list
ROTHERHAM,C,146.36,0.2057,1929,list
ROTHERHAM,D,146.92,0.2364,2945,list
ROTHERHAM,E,230.92,0.3337,210,list
RUGBY_EAST,A,120.35,0.1895,82,list
RUGBY_EAST,B,156.55,0.1061,413,list
RUGBY_EAST,C,195.68,0.1256,842,list
RUGBY_EAST,D,251.09,0.1991,570,list
RUGBY_EAST,E,335.46,0.1641,166,list
SALISBURY,A,125.22,0.1894,322,list
SALISBURY,B,177.89,0.1429,577,list
SALISBURY,C,213.39,0.1617,1480,list
SALISBURY,D,260.91,0.2334,1331,list
SALISBURY,E,358.94,0.2212,348,list
SCARBOROUGH,A,92.44,0.1853,142,list
SCARBOROUGH,B,115.28,0.1512,415,list
SCARBOROUGH,C,153.45,0.1898,654,list
SCARBOROUGH,D,192.13,0.2212,365,list
SCARBOROUGH,E,213.61,0.2501,101,list
SCOTTISH_BORDERS,A,98.41,0.2215,143,30th percentile and list spread
SCOTTISH_BORDERS,B,99.65,0.1413,455,30th percentile and list spread
SCOTTISH_BORDERS,C,134.9,0.1909,735,30th percentile and list spread
SCOTTISH_BORDERS,D,171.25,0.2493,449,30th percentile and list spread
SCOTTISH_BORDERS,E,336.74,0.3698,116,30th percentile and list spread
SCUNTHORPE,A,80.05,0.1756,143,list
SCUNTHORPE,B,107.39,0.1441,306,list
SCUNTHORPE,C,129.97,0.1583,729,list
SCUNTHORPE,D,159.34,0.1716,850,list
SCUNTHORPE,E,200.66,0.2423,132,list
SHEFFIELD,A,94.71,0.199,272,list
SHEFFIELD,B,159.34,0.1673,2423,list
SHEFFIELD,C,181.78,0.2066,4331,list
SHEFFIELD,D,202.3,0.2259,2971,list
SHEFFIELD,E,282.54,0.3069,522,list
SHROPSHIRE,A,100.27,0.1801,398,list
SHROPSHIRE,B,137.51,0.1945,1159,list
SHROPSHIRE,C,167.72,0.1642,3232,list
SHROPSHIRE,D,203.27,0.1771,2598,list
SHROPSHIRE,E,286.96,0.2546,562,list
SOLIHULL,A,113.91,0.1562,361,list
SOLIHULL,B,203.5,0.1755,361,list
SOLIHULL,C,234.81,0.1844,1267,list
SOLIHULL,D,300.12,0.1802,881,list
SOLIHULL,E,423.79,0.2527,283,list
SOUTHAMPTON,A,123.28,0.2618,652,list
SOUTHAMPTON,B,195.71,0.1274,4473,list
SOUTHAMPTON,C,247.02,0.1872,7557,list
SOUTHAMPTON,D,311.26,0.1886,4184,list
SOUTHAMPTON,E,393.81,0.1774,997,list
SOUTHEND,A,112.85,0.1529,851,list
SOUTHEND,B,188.82,0.1752,3334,list
SOUTHEND,C,244.35,0.2181,5200,list
SOUTHEND,D,311.27,0.2083,2858,list
SOUTHEND,E,395.08,0.2088,626,list
SOUTHERN_GREATER_MANCHESTER,A,115.16,0.1668,416,list
SOUTHERN_GREATER_MANCHESTER,B,188.53,0.1542,717,list
SOUTHERN_GREATER_MANCHESTER,C,228.89,0.1943,2861,list
SOUTHERN_GREATER_MANCHESTER,D,289.12,0.245,2020,list
SOUTHERN_GREATER_MANCHESTER,E,431.28,0.2395,408,list
SOUTHPORT,A,116.74,0.0737,132,list
SOUTHPORT,B,132.52,0.1603,404,list
SOUTHPORT,C,174.68,0.1603,940,list
SOUTHPORT,D,221.8,0.2341,553,list
SOUTHPORT,E,325.65,0.3029,106,list
SOUTH_CHESHIRE,A,94.34,0.1927,108,list
SOUTH_CHESHIRE,B,132.52,0.1426,401,list
SOUTH_CHESHIRE,C,168.66,0.1476,1526,list
SOUTH_CHESHIRE,D,205.17,0.1659,1280,list
SOUTH_CHESHIRE,E,301.17,0.2193,276,list
SOUTH_DEVON,A,99.33,0.0818,199,list
SOUTH_DEVON,B,140.39,0.19,1570,list
SOUTH_DEVON,C,185.31,0.1932,2712,list
SOUTH_DEVON,D,235.84,0.2778,1780,list
SOUTH_DEVON,E,308.35,0.2299,374,list
SOUTH_EAST_HERTS,A,128.02,0.1879,71,list
SOUTH_EAST_HERTS,B,233.45,0.1643,1558,list
SOUTH_EAST_HERTS,C,299.88,0.1629,2712,list
SOUTH_EAST_HERTS,D,371.13,0.1674,1437,list
SOUTH_EAST_HERTS,E,444.27,0.197,464,list
SOUTH_EAST_NI,A,99.71,0.1816,0,30th percentile and typical spread
SOUTH_EAST_NI,B,136.36,0.1707,0,30th percentile and typical spread
SOUTH_EAST_NI,C,180.84,0.1858,0,30th percentile and typical spread
SOUTH_EAST_NI,D,206.98,0.2161,0,30th percentile and typical spread
SOUTH_EAST_NI,E,257.46,0.2444,0,30th percentile and typical spread
SOUTH_GWYNEDD,A,91.9,0.1816,0,30th percentile and typical spread
SOUTH_GWYNEDD,B,97.92,0.1707,0,30th percentile and typical spread
SOUTH_GWYNEDD,C,125.37,0.1858,0,30th percentile and typical spread
SOUTH_GWYNEDD,D,156.35,0.2161,0,30th percentile and typical spread
SOUTH_GWYNEDD,E,183.3,0.2444,0,30th percentile and typical spread
SOUTH_LANARKSHIRE,A,107.98,0.2128,170,30th percentile and list spread
SOUTH_LANARKSHIRE,B,121.39,0.1334,912,30th percentile and list spread
SOUTH_LANARKSHIRE,C,163.46,0.1891,1858,30th percentile and list spread
SOUTH_LANARKSHIRE,D,208.33,0.1981,789,30th percentile and list spread
SOUTH_LANARKSHIRE,E,338.75,0.3032,224,30th percentile and list spread
SOUTH_NI,A,81.93,0.1816,0,30th percentile and typical spread
SOUTH_NI,B,136.93,0.1707,0,30th percentile and typical spread
SOUTH_NI,C,156.24,0.1858,0,30th percentile and typical spread
SOUTH_NI,D,176.38,0.2161,0,30th percentile and typical spread
SOUTH_NI,E,213.1,0.2444,0,30th percentile and typical spread
SOUTH_WEST_ESSEX,A,149.97,0.1336,173,list
SOUTH_WEST_ESSEX,B,215.49,0.2062,2665,list
SOUTH_WEST_ESSEX,C,277.67,0.2235,5107,list
SOUTH_WEST_ESSEX,D,335.21,0.1868,2982,list
SOUTH_WEST_ESSEX,E,420.21,0.2251,697,list
SOUTH_WEST_HERTS,A,143.57,0.2266,163,list
SOUTH_WEST_HERTS,B,263.38,0.1548,2977,list
SOUTH_WEST_HERTS,C,335.21,0.1673,4482,list
SOUTH_WEST_HERTS,D,420.95,0.189,1896,list
SOUTH_WEST_HERTS,E,555.33,0.2488,611,list
SOUTH_WEST_NI,A,89.17,0.1816,0,30th percentile and typical spread
SOUTH_WEST_NI,B,110.31,0.1707,0,30th percentile and typical spread
SOUTH_WEST_NI,C,131.85,0.1858,0,30th percentile and typical spread
SOUTH_WEST_NI,D,144.51,0.2161,0,30th percentile and typical spread
SOUTH_WEST_NI,E,172.32,0.2444,0,30th percentile and typical spread
STAFFORDSHIRE_NORTH,A,93.77,0.1479,331,list
STAFFORDSHIRE_NORTH,B,117.41,0.1584,876,list
STAFFORDSHIRE_NORTH,C,143.48,0.2247,4272,list
STAFFORDSHIRE_NORTH,D,177.79,0.2279,2466,list
STAFFORDSHIRE_NORTH,E,239.14,0.3275,352,list
STEVENAGE_NORTH_HERTS,A,117.64,0.1571,373,list
STEVENAGE_NORTH_HERTS,B,217.69,0.1453,999,list
STEVENAGE_NORTH_HERTS,C,288.78,0.1465,1495,list
STEVENAGE_NORTH_HERTS,D,355.42,0.126,870,list
STEVENAGE_NORTH_HERTS,E,419.02,0.1734,190,list
ST_HELENS,A,86.89,0.1655,164,list
ST_HELENS,B,121.99,0.1817,215,list
ST_HELENS,C,155.26,0.1458,1094,list
ST_HELENS,D,194.91,0.2282,807,list
ST_HELENS,E,262.89,0.2795,84,list
SUNDERLAND,A,86.13,0.1332,87,list
SUNDERLAND,B,118.75,0.1494,294,list
SUNDERLAND,C,136.14,0.1856,1700,list
SUNDERLAND,D,149.94,0.2092,1069,list
SUNDERLAND,E,198.08,0.338,151,list
SUSSEX_EAST,A,101.39,0.2248,109,list
SUSSEX_EAST,B,173.04,0.2022,1139,list
SUSSEX_EAST,C,214.8,0.218,2149,list
SUSSEX_EAST,D,268.33,0.2526,1134,list
SUSSEX_EAST,E,337.76,0.2703,226,list
SWANSEA,A,93.17,0.1816,0,30th percentile and typical spread
SWANSEA,B,144.86,0.1707,0,30th percentile and typical spread
SWANSEA,C,161.85,0.1858,0,30th percentile and typical spread
SWANSEA,D,174.03,0.2161,0,30th percentile and typical spread
SWANSEA,E,245.47,0.2444,0,30th percentile and typical spread
SWINDON,A,123.58,0.1969,290,list
SWINDON,B,179.69,0.1092,1400,list
SWINDON,C,213.39,0.1244,3185,list
SWINDON,D,275.16,0.1931,1723,list
SWINDON,E,348.15,0.1892,416,list
TAFF_RHONDDA,A,77.22,0.1816,0,30th percentile and typical spread
TAFF_RHONDDA,B,119.66,0.1707,0,30th percentile and typical spread
TAFF_RHONDDA,C,146.83,0.1858,0,30th percentile and typical spread
TAFF_RHONDDA,D,160.13,0.2161,0,30th percentile and typical spread
TAFF_RHONDDA,E,201.99,0.2444,0,30th percentile and typical spread
TAMESIDE_GLOSSOP,A,109.75,0.239,146,list
TAMESIDE_GLOSSOP,B,156.61,0.1394,231,list
TAMESIDE_GLOSSOP,C,188.53,0.1492,1644,list
TAMESIDE_GLOSSOP,D,226.77,0.2133,772,list
TAMESIDE_GLOSSOP,E,310.52,0.1614,110,list
TAUNTON_WEST_SOMERSET,A,123.84,0.1765,459,list
TAUNTON_WEST_SOMERSET,B,154.17,0.1969,858,list
TAUNTON_WEST_SOMERSET,C,201.61,0.1943,2402,list
TAUNTON_WEST_SOMERSET,D,237.19,0.2556,1769,list
TAUNTON_WEST_SOMERSET,E,314.46,0.2819,402,list
TEESSIDE,A,79.74,0.1312,241,list
TEESSIDE,B,114.19,0.1817,632,list
TEESSIDE,C,131.95,0.208,2780,list
TEESSIDE,D,154.07,0.2293,2756,list
TEESSIDE,E,229.49,0.3149,414,list
THANET,A,108.75,0.1875,445,list
THANET,B,167.07,0.1502,863,list
THANET,C,214.8,0.1681,1434,list
THANET,D,279.52,0.1958,605,list
THANET,E,324.24,0.2108,152,list
TORFAEN,A,81.82,0.1816,0,30th percentile and typical spread
TORFAEN,B,129.52,0.1707,0,30th percentile and typical spread
TORFAEN,C,161.19,0.1858,0,30th percentile and typical spread
TORFAEN,D,193.49,0.2161,0,30th percentile and typical spread
TORFAEN,E,222.19,0.2444,0,30th percentile and typical spread
TYNESIDE,A,99.54,0.1468,272,list
TYNESIDE,B,154.07,0.3416,1341,list
TYNESIDE,C,166.73,0.2898,6432,list
TYNESIDE,D,197.91,0.3201,3007,list
TYNESIDE,E,287.87,0.3787,546,list
VALE_OF_GLAMORGAN,A,78.42,0.1816,0,30th percentile and typical spread
VALE_OF_GLAMORGAN,B,150.63,0.1707,0,30th percentile and typical spread
VALE_OF_GLAMORGAN,C,193.38,0.1858,0,30th percentile and typical spread
VALE_OF_GLAMORGAN,D,212.74,0.2161,0,30th percentile and typical spread
VALE_OF_GLAMORGAN,E,327.05,0.2444,0,30th percentile and typical spread
WAKEFIELD,A,98.73,0.1616,256,list
WAKEFIELD,B,129.97,0.1945,709,list
WAKEFIELD,C,158.23,0.2032,3143,list
WAKEFIELD,D,188.86,0.2212,1859,list
WAKEFIELD,E,258.5,0.2746,315,list
WALTON,A,162.42,0.1786,352,list
WALTON,B,268.33,0.1541,1439,list
WALTON,C,335.43,0.1807,2340,list
WALTON,D,429.61,0.2499,1125,list
WALTON,E,596.67,0.3554,454,list
WARWICKSHIRE_SOUTH,A,113.91,0.1562,358,list
WARWICKSHIRE_SOUTH,B,191.31,0.1742,1195,list
WARWICKSHIRE_SOUTH,C,227.64,0.1929,3504,list
WARWICKSHIRE_SOUTH,D,298.92,0.1955,1685,list
WARWICKSHIRE_SOUTH,E,375.71,0.2126,509,list
WESTON_S_MARE,A,129.45,0.1275,150,list
WESTON_S_MARE,B,166.04,0.1708,613,list
WESTON_S_MARE,C,202.15,0.2067,1301,list
WESTON_S_MARE,D,272.77,0.2224,714,list
WESTON_S_MARE,E,351.95,0.2412,178,list
WEST_CHESHIRE,A,105.65,0.1241,533,list
WEST_CHESHIRE,B,160.81,0.2284,947,list
WEST_CHESHIRE,C,198.77,0.1961,3457,list
WEST_CHESHIRE,D,228.89,0.2695,2412,list
WEST_CHESHIRE,E,354.88,0.2769,578,list
WEST_CUMBRIA,A,89.64,0.2233,465,list
WEST_CUMBRIA,B,110.83,0.2149,498,list
WEST_CUMBRIA,C,133.08,0.2197,1415,list
WEST_CUMBRIA,D,165.04,0.2499,865,list
WEST_CUMBRIA,E,210.71,0.3329,167,list
WEST_DUNBARTONSHIRE,A,98.97,0.1898,117,30th percentile and list spread
WEST_DUNBARTONSHIRE,B,122.72,0.1223,279,30th percentile and list spread
WEST_DUNBARTONSHIRE,C,168.59,0.1542,546,30th percentile and list spread
WEST_DUNBARTONSHIRE,D,202.76,0.2385,173,30th percentile and list spread
WEST_DUNBARTONSHIRE,E,294.93,0.2258,28,30th percentile and list spread
WEST_LOTHIAN,A,115.69,0.1802,173,30th percentile and list spread
WEST_LOTHIAN,B,131.1,0.0833,296,30th percentile and list spread
WEST_LOTHIAN,C,168.63,0.0908,1038,30th percentile and list spread
WEST_LOTHIAN,D,217.52,0.1648,412,30th percentile and list spread
WEST_LOTHIAN,E,314.51,0.1839,129,30th percentile and list spread
WEST_PENNINE,A,85.32,0.1654,361,list
WEST_PENNINE,B,114.34,0.1756,288,list
WEST_PENNINE,C,128.64,0.1513,1881,list
WEST_PENNINE,D,150.59,0.2195,739,list
WEST_PENNINE,E,225.07,0.3437,79,list
WEST_WILTSHIRE,A,125.71,0.1817,295,list
WEST_WILTSHIRE,B,162.85,0.1677,1054,list
WEST_WILTSHIRE,C,201.03,0.1692,2569,list
WEST_WILTSHIRE,D,258.31,0.2322,1822,list
WEST_WILTSHIRE,E,343.93,0.2203,449,list
WIGAN,A,99.81,0.198,207,list
WIGAN,B,119.26,0.2264,736,list
WIGAN,C,154.16,0.2067,3899,list
WIGAN,D,176.33,0.25,2773,list
WIGAN,E,243.98,0.2899,312,list
WINCHESTER,A,125.74,0.1209,257,list
WINCHESTER,B,232.7,0.1817,527,list
WINCHESTER,C,301.88,0.1816,1172,list
WINCHESTER,D,356.67,0.2066,645,list
WINCHESTER,E,464.17,0.2376,340,list
WIRRAL,A,89.46,0.1302,203,list
WIRRAL,B,119.26,0.1819,544,list
WIRRAL,C,156.61,0.2394,2222,list
WIRRAL,D,191.54,0.2133,1910,list
WIRRAL,E,252.98,0.3345,319,list
WOLDS_AND_COAST,A,82.99,0.0911,213,list
WOLDS_AND_COAST,B,110.15,0.2211,441,list
WOLDS_AND_COAST,C,144.64,0.1627,1117,list
WOLDS_AND_COAST,D,173.73,0.1945,640,list
WOLDS_AND_COAST,E,221.97,0.3108,112,list
WORCESTER_NORTH,A,97.24,0.2356,85,list
WORCESTER_NORTH,B,145.87,0.1796,1070,list
WORCESTER_NORTH,C,179.35,0.1709,2029,list
WORCESTER_NORTH,D,212.45,0.2106,1873,list
WORCESTER_NORTH,E,301.9,0.2542,250,list
WORCESTER_SOUTH,A,100.94,0.132,220,list
WORCESTER_SOUTH,B,155.44,0.1317,902,list
WORCESTER_SOUTH,C,197.29,0.136,1886,list
WORCESTER_SOUTH,D,239.14,0.2063,1100,list
WORCESTER_SOUTH,E,324.27,0.23,248,list
WORTHING,A,125.62,0.1726,171,list
WORTHING,B,199.46,0.1462,1800,list
WORTHING,C,267.22,0.1899,2602,list
WORTHING,D,322.2,0.1681,1629,list
WORTHING,E,393.81,0.178,317,list
WREXHAM,A,110.62,0.1816,0,30th percentile and typical spread
WREXHAM,B,131.45,0.1707,0,30th percentile and typical spread
WREXHAM,C,149.15,0.1858,0,30th percentile and typical spread
WREXHAM,D,174.14,0.2161,0,30th percentile and typical spread
WREXHAM,E,227.48,0.2444,0,30th percentile and typical spread
YEOVIL,A,130.46,0.222,288,list
YEOVIL,B,146.0,0.1592,945,list
YEOVIL,C,190.93,0.1752,1820,list
YEOVIL,D,241.47,0.2342,1445,list
YEOVIL,E,348.15,0.2009,305,list
YORK,A,124.29,0.172,148,list
YORK,B,188.86,0.1916,1053,list
YORK,C,216.99,0.1911,3105,list
YORK,D,245.35,0.2859,1414,list
YORK,E,341.58,0.2587,372,list
