total_income_lower_bound,total_income_upper_bound,employment_income_count,employment_income_amount,self_employment_income_count,self_employment_income_amount,state_pension_count,state_pension_amount,private_pension_income_count,private_pension_income_amount,property_income_count,property_income_amount,savings_interest_income_count,savings_interest_income_amount,dividend_income_count,dividend_income_amount,year
12570,15000.0,1360000,16900000000,444000,4810000000,1140000,11800000000,1070000,4350000000,101000,670000000,1250000,274000000,115000,175000000,2023
15000,20000.0,3100000,48600000000,651000,8030000000,2050000,22200000000,2140000,13600000000,232000,1690000000,2840000,1370000000,372000,855000000,2023
20000,30000.0,7470000,172000000000,961000,15700000000,2320000,24900000000,2660000,30200000000,431000,3820000000,5250000,3130000000,843000,3330000000,2023
30000,40000.0,5370000,170000000000,595000,12600000000,1160000,12300000000,1450000,24900000000,364000,3800000000,3690000,2530000000,667000,4700000000,2023
40000,50000.0,3500000,139000000000,359000,8730000000,568000,6020000000,779000,16900000000,325000,3780000000,2370000,1870000000,627000,8400000000,2023
50000,70000.0,3430000,174000000000,311000,8220000000,441000,4660000000,643000,17400000000,397000,5400000000,2230000,2340000000,643000,12500000000,2023
70000,100000.0,1640000,118000000000,143000,5360000000,176000,1890000000,259000,9470000000,226000,3770000000,1070000,1620000000,336000,9440000000,2023
100000,150000.0,791000,82300000000,85000,4980000000,74000,847000000,109000,5430000000,137000,2550000000,489000,1260000000,222000,6870000000,2023
150000,200000.0,264000,39200000000,40000,3650000000,21000,265000000,29000,1810000000,54000,1150000000,146000,650000000,92000,3450000000,2023
200000,300000.0,180000,36600000000,34000,4390000000,14000,179000000,20000,1570000000,41000,1050000000,111000,733000000,75000,3700000000,2023
300000,500000.0,93000,29000000000,21000,4840000000,8000,96000000,10000,1120000000,23000,765000000,68000,673000000,49000,3430000000,2023
500000,1000000.0,44000,23100000000,15000,6670000000,3000,43000000,4000,640000000,13000,474000000,38000,653000000,32000,3820000000,2023
1000000,inf,21000,35500000000,11000,19500000000,2000,20000000,2000,370000000,7000,439000000,21000,1240000000,19000,11100000000,2023
12570,inf,27263000,1084200000000,3670000,107480000000,7977000,85220000000,9175000,127760000000,2351000,29358000000,19573000,18343000000,4092000,71770000000,2023
12570,15000.0,1373373,17685394191,448366,5039678604,1151209,12073283706,1080521,4566320072,101993,695117698,1262291,284272014,116131,181560593,2024
15000,20000.0,3130482,50858589212,657401,8413434343,2070157,22714143921,2161042,14276311031,234281,1753356582,2867925,1421360070,375658,887053182,2024
20000,30000.0,7543451,179993360996,970449,16449678604,2342812,25476674938,2686155,31701808318,435238,3963208370,5301622,3247340889,851289,3454838710,2024
30000,40000.0,5422802,177900414938,600851,13201652893,1171406,12584863524,1464258,26138245931,367579,3942458588,3726283,2624847428,673559,4876198779,2024
40000,50000.0,3534415,145459751037,362530,9146859504,573585,6159421009,786660,17740415913,328196,3921708806,2393304,1940104621,633165,8714908457,2024
50000,70000.0,3463727,182086307054,314058,8612506887,445336,4767923904,649323,18265280289,400904,5602441151,2251927,2427724499,649323,12968613775,2024
70000,100000.0,1656126,123483817427,144406,5615941230,177731,1933771712,261547,9940931284,228222,3911333915,1080521,1680732345,339304,9793897123,2024
100000,150000.0,798778,86124730290,85836,5217796143,74728,866616212,110072,5700027125,138347,2645597210,493808,1307236269,224183,7127550131,2024
150000,200000.0,266596,41021742739,40393,3824288338,21206,271137304,29285,1900009042,54531,1193112467,147436,674367916,92905,3579337402,2024
200000,300000.0,181770,38300912863,34334,4599623508,14138,183145575,20197,1648074141,41403,1089363557,112091,760479512,75737,3838709677,2024
300000,500000.0,93914,30347717842,21206,5071111111,8079,98223325,10098,1175696203,23226,793679163,68669,698230166,49482,3558587620,2024
500000,1000000.0,44433,24173526971,15147,6988494031,3029,43995864,4039,671826401,13128,491769834,38374,677480384,32315,3963208370,2024
1000000,inf,21206,37149792531,11108,20431129477,2020,20463193,2020,388399638,7069,455457716,21206,1286486486,19187,11516129032,2024
12570,inf,27531073,1134586058091,3706087,112612194674,8055437,87193664185,9265216,134113345389,2374117,30458605057,19765458,19030662598,4132236,74460592851,2024
12570,15000.0,1389420,18344564315,453605,5273774105,1164661,12463688999,1093147,4782640145,103185,714394071,1277040,292155187,117488,186595466,2025
15000,20000.0,3167060,52754190871,665083,8804242424,2094346,23448635236,2186293,14952622061,237019,1801979076,2901436,1460775937,380047,911652136,2025
20000,30000.0,7631593,186702074689,981789,17213774105,2370187,26300496278,2717542,33203616637,440324,4073112467,5363569,3337393200,861236,3550645161,2025
30000,40000.0,5486165,184531120332,607871,13814876033,1185093,12991811414,1481367,27376491863,371874,4051787271,3769823,2697637315,681429,5011421099,2025
40000,50000.0,3575713,150881327801,366766,9571735537,580287,6358593879,795852,18580831826,332030,4030462075,2421268,1993905841,640563,8956582389,2025
50000,70000.0,3504199,188873029046,317728,9012561983,450540,4922100910,656910,19130560579,405588,5757802964,2278240,2495047951,656910,13328247602,2025
70000,100000.0,1675477,128086307054,146093,5876804408,179807,1996302730,264603,10411862568,230889,4019799477,1093147,1727340889,343268,10065492589,2025
100000,150000.0,808111,89334771784,86839,5460165289,75601,894639371,111358,5970054250,139964,2718962511,499578,1343487358,226802,7325204882,2025
150000,200000.0,269711,42550705394,40865,4001928375,21454,279904880,29627,1990018083,55168,1226198779,149158,693068875,93990,3678596338,2025
200000,300000.0,183894,39728464730,34735,4813278237,14303,189067825,20433,1726148282,41887,1119572799,113401,781568439,76622,3945161290,2025
300000,500000.0,95012,31478838174,21454,5306666667,8173,101399504,10216,1231392405,23498,815688753,69471,717592851,50060,3657271142,2025
500000,1000000.0,44952,25074522822,15324,7313112948,3065,45418528,4087,703652803,13281,505407149,38822,696267655,32692,4073112467,2025
1000000,inf,21454,38534439834,11238,21380165289,2043,21124897,2043,406799277,7151,468088056,21454,1322162162,19411,11835483871,2025
12570,inf,27852760,1176874356846,3749390,117843085399,8149560,90013184450,9373476,140466690778,2401857,31303255449,19996408,19558403662,4180519,76525466434,2025
12570,15000.0,1398781,18751286307,456661,5437199265,1172507,12697932175,1100511,4959629295,103880,734838710,1285644,300516129,118279,191935484,2026
15000,20000.0,3188397,53923817427,669563,9077070707,2108456,23889330025,2201023,15505967450,238616,1853548387,2920983,1502580645,382608,937741935,2026
20000,30000.0,7683009,190841493776,988403,17747199265,2386155,26794789082,2735851,34432368897,443290,4189677419,5399705,3432903226,867038,3652258065,2026
30000,40000.0,5523127,188622406639,611967,14242975207,1193078,13235980149,1491347,28389602170,374380,4167741935,3795221,2774838710,686020,5154838710,2026
40000,50000.0,3599803,154226556017,369237,9868347107,584197,6478097601,801213,19268444846,334267,4145806452,2437581,2050967742,644879,9212903226,2026
50000,70000.0,3527807,193060580913,319868,9291845730,453575,5014607113,661335,19838517179,408321,5922580645,2293589,2566451613,661335,13709677419,2026
70000,100000.0,1686765,130926141079,147078,6058916437,181019,2033821340,266385,10797169982,232444,4134838710,1100511,1776774194,345581,10353548387,2026
100000,150000.0,813556,91315435685,87424,5629366391,76110,911453267,112108,6190985533,140907,2796774194,502944,1381935484,228330,7534838710,2026
150000,200000.0,271528,43494107884,41141,4125941230,21599,285165426,29827,2063661844,55540,1261290323,150163,712903226,94623,3783870968,2026
200000,300000.0,185133,40609294606,34970,4962433425,14399,192621175,20570,1790027125,42169,1151612903,114165,803935484,77139,4058064516,2026
300000,500000.0,95652,32176763485,21599,5471111111,8228,103305211,10285,1276962025,23656,839032258,69939,738129032,50397,3761935484,2026
500000,1000000.0,45255,25630456432,15428,7539733701,3086,46272126,4114,729692586,13371,519870968,39084,716193548,32912,4189677419,2026
1000000,inf,21599,39388796680,11314,22042699725,2057,21521919,2057,421853526,7200,481483871,21599,1360000000,19542,12174193548,2026
12570,inf,28040411,1202967136929,3774651,121494839302,8204466,91704896609,9436627,145664882459,2418039,32199096774,20131129,20118129032,4208684,78715483871,2026
12570,15000.0,1409479,19143983402,460153,5609458219,1181475,12951695616,1108928,5065822785,104675,757619878,1295477,309832607,119184,197885789,2027
15000,20000.0,3212783,55053112033,674684,9364646465,2124582,24366749380,2217856,15837974684,240441,1911011334,2943324,1549163034,385534,966813426,2027
20000,30000.0,7741770,194838174274,995963,18309458219,2404405,27330272953,2756775,35169620253,446680,4319564080,5441003,3539328684,873670,3765483871,2027
30000,40000.0,5565369,192572614108,616647,14694214876,1202203,13500496278,1502753,28997468354,377243,4296948561,3824248,2860863121,691266,5314646905,2027
40000,50000.0,3627335,157456431535,372061,10180991736,588665,6607559967,807341,19681012658,336824,4274333043,2456224,2114551003,649811,9498517873,2027
50000,70000.0,3554789,197103734440,322315,9586225895,457044,5114822167,666393,20263291139,411443,6106190061,2311131,2646015693,666393,14134699215,2027
70000,100000.0,1699666,133668049793,148203,6250872360,182403,2074466501,268423,11028354430,234222,4263025283,1108928,1831857018,348224,10674524847,2027
100000,150000.0,819778,93227800830,88092,5807713499,76692,929668321,112966,6323544304,141984,2883478640,506791,1424777681,230077,7768430689,2027
150000,200000.0,273605,44404979253,41455,4256657484,21764,290864351,30055,2107848101,55965,1300392328,151312,735004359,95347,3901176983,2027
200000,300000.0,186549,41459751037,35237,5119651056,14509,196470637,20728,1828354430,42492,1187314734,115038,828858762,77729,4183870968,2027
300000,500000.0,96383,32850622407,21764,5644444444,8291,105369727,10364,1304303797,23837,865043592,70474,761012206,50783,3878561465,2027
500000,1000000.0,45601,26167219917,15546,7778604224,3109,47196857,4146,745316456,13473,535987794,39382,738396687,33164,4319564080,2027
1000000,inf,21764,40213692946,11400,22741046832,2073,21952026,2073,430886076,7255,496410636,21764,1402162162,19691,12551612903,2027
12570,inf,28254869,1228160165975,3803520,125343985308,8267215,93537584781,9508800,148783797468,2436533,33197319965,20285095,20741823017,4240873,81155789015,2027
12570,15000.0,1414828,19578755187,461900,5808218549,1185959,13205459057,1113137,5172016275,105072,782737576,1300393,320104621,119636,204446382,2028
15000,20000.0,3224975,56303402490,677245,9696464646,2132645,24844168734,2226273,16169981917,241353,1974367916,2954494,1600523104,386997,998866609,2028
20000,30000.0,7771150,199263070539,999742,18958218549,2413530,27865756824,2767237,35906871609,448376,4462772450,5461652,3656669573,876985,3890322581,2028
30000,40000.0,5586490,196946058091,618987,15214876033,1206765,13765012407,1508456,29605334539,378675,4439407149,3838761,2955710549,693890,5490845684,2028
40000,50000.0,3641101,161032365145,373473,10541735537,590899,6737022333,810405,20093580470,338102,4416041848,2465546,2184655623,652277,9813426330,2028
50000,70000.0,3568279,201580082988,323538,9925895317,458779,5215037221,668922,20688065099,413005,6308631212,2319902,2733740192,668922,14603312990,2028
70000,100000.0,1706116,136703734440,148765,6472359963,183095,2115111663,269441,11259538879,235111,4404359198,1113137,1892589364,349546,11028421970,2028
100000,150000.0,822889,95345062241,88427,6013498623,76983,947883375,113394,6456103074,142523,2979075850,508714,1472013949,230950,8025980820,2028
150000,200000.0,274643,45413443983,41613,4407483930,21847,296563275,30169,2152034358,56177,1343504795,151886,759372276,95709,4030514385,2028
200000,300000.0,187257,42401327801,35371,5301056015,14564,200320099,20806,1866681736,42653,1226678291,115475,856338274,78024,4322580645,2028
300000,500000.0,96749,33596680498,21847,5844444444,8323,107434243,10403,1331645570,23927,893722755,70741,786242371,50975,4007149085,2028
500000,1000000.0,45774,26761493776,15605,8054224059,3121,48121588,4161,760940325,13524,553757629,39532,762877071,33290,4462772450,2028
1000000,inf,21847,41126970954,11443,23546831956,2081,22382134,2081,439918626,7282,512868352,21847,1448648649,19766,12967741935,2028
12570,inf,28362098,1256052448133,3817955,129785307622,8298590,95370272953,9544887,151902712477,2445780,34297925022,20362079,21429485615,4256968,83846381866,2028
12570,15000.0,1422852,20069626556,464519,6029063361,1192684,13468982630,1119449,5293942134,105668,808439407,1307768,330615519,120315,211159547,2029
15000,20000.0,3243265,57715020747,681086,10065151515,2144739,25339950372,2238899,16551175407,242722,2039197908,2971249,1653077594,389192,1031665214,2029
20000,30000.0,7815221,204258921162,1005412,19679063361,2427217,28421836228,2782930,36753345389,450918,4609311247,5492625,3776739320,881959,4018064516,2029
30000,40000.0,5618171,201883817427,622498,15793388430,1213609,14039702233,1517011,30303254973,380822,4585178727,3860531,3052763731,697825,5671142110,2029
40000,50000.0,3661750,165069709544,375591,10942561983,594250,6871464020,815001,20567269439,340020,4561046207,2479528,2256390584,655976,10135658239,2029
50000,70000.0,3588515,206634024896,325373,10303305785,461381,5319106700,672716,21175768535,415347,6515780296,2333058,2823504795,672716,15082824760,2029
70000,100000.0,1715792,140131120332,149609,6718457300,184134,2157320099,270970,11524972875,236444,4548979948,1119449,1954734089,351528,11390549259,2029
100000,150000.0,827556,97735518672,88928,6242148760,77420,966799007,114037,6608300181,143331,3076896251,511599,1520348736,232260,8289520488,2029
150000,200000.0,276201,46552033195,41849,4575068871,21971,302481390,30340,2202766727,56496,1387619878,152747,784306888,96252,4162859634,2029
200000,300000.0,188319,43464398340,35571,5502617080,14647,204317618,20924,1910687161,42895,1266957280,116130,884456844,78466,4464516129,2029
300000,500000.0,97298,34439004149,21971,6066666667,8370,109578164,10462,1363037975,24063,923068875,71143,812059285,51265,4138727114,2029
500000,1000000.0,46033,27432448133,15693,8360468320,3139,49081886,4185,778878843,13601,571940715,39756,787926765,33479,4609311247,2029
1000000,inf,21971,42158091286,11508,24442148760,2092,22828784,2092,450289331,7324,529708806,21971,1496216216,19878,13393548387,2029
12570,inf,28522942,1287543734440,3839607,134720110193,8345652,97273449132,9599017,155483688969,2459650,35424125545,20477554,22133140366,4281109,86599546643,2029
