code,name,country,band_d_amount,count_band_A,count_band_B,count_band_C,count_band_D,count_band_E,count_band_F,count_band_G,count_band_H,count_band_I,total_dwellings,has_council_tax,total_council_tax_net,band_A_amount,band_B_amount,band_C_amount,band_D_amount,band_E_amount,band_F_amount,band_G_amount,band_H_amount
E06000001,Hartlepool,ENGLAND,2560.2,24090.0,7830.0,6780.0,3630.0,2070.0,930.0,700.0,110.0,,46140.0,True,69738772.716,1706.80,1991.27,2275.73,2560.20,3129.13,3698.07,4267.00,5120.40
E06000002,Middlesbrough,ENGLAND,2549.16,33080.0,11550.0,11610.0,5620.0,2810.0,1040.0,600.0,50.0,,66360.0,True,96111361.854,1699.44,1982.68,2265.92,2549.16,3115.64,3682.12,4248.60,5098.32
E06000003,Redcar and Cleveland,ENGLAND,2544.48,26840.0,13800.0,14820.0,6090.0,3610.0,1070.0,420.0,30.0,,66660.0,True,108610441.7904,1696.32,1979.04,2261.76,2544.48,3109.92,3675.36,4240.80,5088.96
E06000004,Stockton-on-Tees,ENGLAND,2589.83,34900.0,17560.0,16890.0,10400.0,6430.0,3000.0,1610.0,130.0,,90910.0,True,163386702.9723,1726.55,2014.31,2302.07,2589.83,3165.35,3740.87,4316.38,5179.66
E06000005,Darlington,ENGLAND,2493.83,23160.0,11180.0,7800.0,5950.0,3590.0,1400.0,680.0,50.0,,53820.0,True,89851198.602,1662.55,1939.65,2216.74,2493.83,3048.01,3602.20,4156.38,4987.66
E06000006,Halton,ENGLAND,2366.61,27340.0,12760.0,8370.0,5230.0,3890.0,1270.0,360.0,40.0,,59260.0,True,90641943.9813,1577.74,1840.70,2103.65,2366.61,2892.52,3418.44,3944.35,4733.22
E06000007,Warrington,ENGLAND,2447.61,27780.0,21410.0,19980.0,12400.0,7960.0,4900.0,2730.0,230.0,,97390.0,True,179465496.1275,1631.74,1903.70,2175.65,2447.61,2991.52,3535.44,4079.35,4895.22
E06000008,Blackburn with Darwen,ENGLAND,2455.27,35860.0,9950.0,9010.0,4960.0,2780.0,840.0,580.0,70.0,,64050.0,True,97480357.175,1636.85,1909.65,2182.46,2455.27,3000.89,3546.50,4092.12,4910.54
E06000009,Blackpool,ENGLAND,2513.22,32210.0,21330.0,11480.0,4860.0,1950.0,580.0,250.0,30.0,,72700.0,True,105132843.1146,1675.48,1954.73,2233.97,2513.22,3071.71,3630.21,4188.70,5026.44
E06000010,"Kingston upon Hull, City of",ENGLAND,2295.04,82540.0,24430.0,11440.0,4990.0,1410.0,320.0,60.0,40.0,,125230.0,True,158193802.34239998,1530.03,1785.03,2040.04,2295.04,2805.05,3315.06,3825.07,4590.08
E06000011,East Riding of Yorkshire,ENGLAND,2466.08,40330.0,38430.0,33140.0,25660.0,17380.0,7740.0,3440.0,300.0,,166420.0,True,322923928.2,1644.05,1918.06,2192.07,2466.08,3014.10,3562.12,4110.13,4932.16
E06000012,North East Lincolnshire,ENGLAND,2483.85,38690.0,18400.0,9390.0,5330.0,2520.0,980.0,510.0,60.0,,75880.0,True,119402941.722,1655.90,1931.88,2207.87,2483.85,3035.82,3587.78,4139.75,4967.70
E06000013,North Lincolnshire,ENGLAND,2348.46,35920.0,16440.0,11580.0,7850.0,4020.0,1720.0,550.0,30.0,,78110.0,True,124935934.9014,1565.64,1826.58,2087.52,2348.46,2870.34,3392.22,3914.10,4696.92
E06000014,York,ENGLAND,2287.15,13150.0,25560.0,27300.0,13880.0,8030.0,3830.0,1930.0,140.0,,93800.0,True,161307680.6415,1524.77,1778.89,2033.02,2287.15,2795.41,3303.66,3811.92,4574.30
E06000015,Derby,ENGLAND,2306.0,58500.0,22270.0,17230.0,8900.0,4850.0,2340.0,710.0,50.0,,114860.0,True,172765773.66,1537.33,1793.56,2049.78,2306.00,2818.44,3330.89,3843.33,4612.00
E06000016,Leicester,ENGLAND,2528.75,86990.0,28270.0,16960.0,7340.0,3570.0,1590.0,620.0,60.0,,145410.0,True,216985639.7625,1685.83,1966.81,2247.78,2528.75,3090.69,3652.64,4214.58,5057.50
E06000017,Rutland,ENGLAND,2737.58,1750.0,4890.0,3340.0,2570.0,2400.0,1690.0,1360.0,170.0,,18160.0,True,44849143.4966,1825.05,2129.23,2433.40,2737.58,3345.93,3954.28,4562.63,5475.16
E06000018,Nottingham,ENGLAND,2755.39,92180.0,25740.0,17180.0,7790.0,2660.0,1120.0,760.0,120.0,,147540.0,True,204079861.5691,1836.93,2143.08,2449.24,2755.39,3367.70,3980.01,4592.32,5510.78
E06000019,"Herefordshire, County of",ENGLAND,2574.37,14040.0,20630.0,17710.0,13820.0,12660.0,7680.0,3800.0,190.0,,90520.0,True,191881285.7988,1716.25,2002.29,2288.33,2574.37,3146.45,3718.53,4290.62,5148.74
E06000020,Telford and Wrekin,ENGLAND,2256.26,26960.0,22860.0,14900.0,10050.0,5870.0,2570.0,1210.0,60.0,,84480.0,True,136176527.1748,1504.17,1754.87,2005.56,2256.26,2757.65,3259.04,3760.43,4512.52
E06000021,Stoke-on-Trent,ENGLAND,2183.12,70450.0,25560.0,15880.0,5100.0,1980.0,560.0,200.0,40.0,,119780.0,True,153262730.4136,1455.41,1697.98,1940.55,2183.12,2668.26,3153.40,3638.53,4366.24
E06000022,Bath and North East Somerset,ENGLAND,2383.42,9370.0,19630.0,21290.0,14500.0,10460.0,5980.0,5210.0,460.0,,86890.0,True,170676301.01860002,1588.95,1853.77,2118.60,2383.42,2913.07,3442.72,3972.37,4766.84
E06000023,"Bristol, City of",ENGLAND,2713.68,56890.0,76330.0,41320.0,19900.0,10120.0,4940.0,2900.0,360.0,,212750.0,True,385352247.8376,1809.12,2110.64,2412.16,2713.68,3316.72,3919.76,4522.80,5427.36
E06000024,North Somerset,ENGLAND,2491.22,13940.0,22140.0,23810.0,18060.0,13390.0,6880.0,3470.0,290.0,,101970.0,True,208481532.3544,1660.81,1937.62,2214.42,2491.22,3044.82,3598.43,4152.03,4982.44
E06000025,South Gloucestershire,ENGLAND,2550.59,14480.0,37160.0,30510.0,24250.0,13700.0,6630.0,2210.0,200.0,,129130.0,True,266248336.30640003,1700.39,1983.79,2267.19,2550.59,3117.39,3684.19,4250.98,5101.18
E06000026,Plymouth,ENGLAND,2441.85,48160.0,33380.0,23670.0,10310.0,5250.0,1890.0,620.0,60.0,,123360.0,True,191876739.2955,1627.90,1899.22,2170.53,2441.85,2984.48,3527.12,4069.75,4883.70
E06000027,Torbay,ENGLAND,2470.25,13790.0,17850.0,17180.0,10750.0,5450.0,2420.0,1290.0,140.0,,68860.0,True,128340628.3275,1646.83,1921.31,2195.78,2470.25,3019.19,3568.14,4117.08,4940.50
E06000030,Swindon,ENGLAND,2438.1,15190.0,28070.0,25270.0,18530.0,9640.0,4020.0,1500.0,70.0,,102290.0,True,192953720.862,1625.40,1896.30,2167.20,2438.10,2979.90,3521.70,4063.50,4876.20
E06000031,Peterborough,ENGLAND,2293.47,35930.0,22730.0,15460.0,9010.0,4930.0,2030.0,1070.0,80.0,,91240.0,True,146052091.4337,1528.98,1783.81,2038.64,2293.47,2803.13,3312.79,3822.45,4586.94
E06000032,Luton,ENGLAND,2439.93,21520.0,28100.0,22860.0,8000.0,3520.0,1130.0,290.0,30.0,,85450.0,True,145845376.1913,1626.62,1897.72,2168.83,2439.93,2982.14,3524.34,4066.55,4879.86
E06000033,Southend-on-Sea,ENGLAND,2265.17,17170.0,16180.0,24770.0,12900.0,6820.0,3710.0,1640.0,130.0,,83310.0,True,142569029.64220002,1510.11,1761.80,2013.48,2265.17,2768.54,3271.91,3775.28,4530.34
E06000034,Thurrock,ENGLAND,2254.68,7540.0,14110.0,27720.0,12800.0,4860.0,2320.0,890.0,60.0,,70300.0,True,123409210.8492,1503.12,1753.64,2004.16,2254.68,2755.72,3256.76,3757.80,4509.36
E06000035,Medway,ENGLAND,2328.55,11470.0,38870.0,35530.0,19470.0,10230.0,4420.0,1560.0,60.0,,121600.0,True,218665514.865,1552.37,1811.09,2069.82,2328.55,2846.01,3363.46,3880.92,4657.10
E06000036,Bracknell Forest,ENGLAND,2264.8,1650.0,5660.0,19880.0,10500.0,8670.0,5450.0,2690.0,310.0,,54820.0,True,113227158.584,1509.87,1761.51,2013.16,2264.80,2768.09,3271.38,3774.67,4529.60
E06000037,West Berkshire,ENGLAND,2505.37,2750.0,7290.0,20500.0,17840.0,10950.0,7120.0,4880.0,780.0,,72100.0,True,170564587.45200002,1670.25,1948.62,2227.00,2505.37,3062.12,3618.87,4175.62,5010.74
E06000038,Reading,ENGLAND,2612.77,7270.0,14990.0,31530.0,12220.0,5920.0,3390.0,1910.0,100.0,,77330.0,True,160555291.3094,1741.85,2032.15,2322.46,2612.77,3193.39,3774.00,4354.62,5225.54
E06000039,Slough,ENGLAND,2414.44,1560.0,10950.0,24390.0,13670.0,4700.0,1730.0,360.0,10.0,,57370.0,True,108753476.0536,1609.63,1877.90,2146.17,2414.44,2950.98,3487.52,4024.07,4828.88
E06000040,Windsor and Maidenhead,ENGLAND,1952.62,2140.0,4110.0,10700.0,16670.0,13590.0,8410.0,9970.0,2020.0,,67610.0,True,141816135.0368,1301.75,1518.70,1735.66,1952.62,2386.54,2820.45,3254.37,3905.24
E06000041,Wokingham,ENGLAND,2497.7,2030.0,4250.0,12130.0,21120.0,17040.0,11160.0,6830.0,570.0,,75140.0,True,194973858.872,1665.13,1942.66,2220.18,2497.70,3052.74,3607.79,4162.83,4995.40
E06000042,Milton Keynes,ENGLAND,2372.21,18060.0,35810.0,32280.0,16440.0,13300.0,7180.0,3240.0,180.0,,126480.0,True,241552441.9611,1581.47,1845.05,2108.63,2372.21,2899.37,3426.53,3953.68,4744.42
E06000043,Brighton and Hove,ENGLAND,2580.54,30090.0,30490.0,35410.0,20470.0,11720.0,4830.0,2840.0,220.0,,136070.0,True,250160876.49659997,1720.36,2007.09,2293.81,2580.54,3153.99,3727.45,4300.90,5161.08
E06000044,Portsmouth,ENGLAND,2291.71,27460.0,31800.0,22440.0,6280.0,3790.0,1660.0,660.0,60.0,,94150.0,True,141561630.9178,1527.81,1782.44,2037.08,2291.71,2800.98,3310.25,3819.52,4583.42
E06000045,Southampton,ENGLAND,2381.48,36920.0,35880.0,23760.0,9790.0,3200.0,1420.0,450.0,30.0,,111450.0,True,166766709.22,1587.65,1852.26,2116.87,2381.48,2910.70,3439.92,3969.13,4762.96
E06000046,Isle of Wight,ENGLAND,2625.79,10650.0,18690.0,18000.0,13460.0,7340.0,3290.0,1570.0,150.0,,73150.0,True,156531403.0753,1750.53,2042.28,2334.04,2625.79,3209.30,3792.81,4376.32,5251.58
E06000047,County Durham,ENGLAND,2622.15,144190.0,36650.0,32590.0,23630.0,11500.0,4490.0,2310.0,280.0,,255650.0,True,398097461.3715,1748.10,2039.45,2330.80,2622.15,3204.85,3787.55,4370.25,5244.30
E06000049,Cheshire East,ENGLAND,2454.87,31710.0,39250.0,37540.0,28220.0,23520.0,15410.0,13130.0,2010.0,,190790.0,True,405983135.6229,1636.58,1909.34,2182.11,2454.87,3000.40,3545.92,4091.45,4909.74
E06000050,Cheshire West and Chester,ENGLAND,2517.33,35320.0,39140.0,33010.0,22530.0,17600.0,10540.0,8110.0,640.0,,166880.0,True,334162542.90389997,1678.22,1957.92,2237.63,2517.33,3076.74,3636.14,4195.55,5034.66
E06000051,Shropshire,ENGLAND,2528.18,27440.0,38890.0,31760.0,22070.0,17630.0,9370.0,4830.0,360.0,,152340.0,True,311591738.141,1685.45,1966.36,2247.27,2528.18,3090.00,3651.82,4213.63,5056.36
E06000052,Cornwall,ENGLAND,2590.93,66210.0,73220.0,61520.0,45030.0,26830.0,9650.0,4430.0,450.0,,287330.0,True,580602125.5231999,1727.29,2015.17,2303.05,2590.93,3166.69,3742.45,4318.22,5181.86
E06000053,Isles of Scilly,ENGLAND,2047.96,10.0,40.0,110.0,270.0,330.0,270.0,130.0,10.0,,1170.0,True,2924282.0840000003,1365.31,1592.86,1820.41,2047.96,2503.06,2958.16,3413.27,4095.92
E06000054,Wiltshire,ENGLAND,2571.78,27030.0,42950.0,58820.0,41200.0,31680.0,18490.0,11570.0,1370.0,,233110.0,True,509263386.9618,1714.52,2000.27,2286.03,2571.78,3143.29,3714.79,4286.30,5143.56
E06000055,Bedford,ENGLAND,2471.74,10800.0,19080.0,20170.0,12480.0,8960.0,5790.0,3290.0,250.0,,80820.0,True,161728840.13579997,1647.83,1922.46,2197.10,2471.74,3021.02,3570.29,4119.57,4943.48
E06000056,Central Bedfordshire,ENGLAND,2516.16,11290.0,25640.0,36860.0,26700.0,17800.0,10200.0,5700.0,410.0,,134600.0,True,287374256.8704,1677.44,1957.01,2236.59,2516.16,3075.31,3634.45,4193.60,5032.32
E06000057,Northumberland,ENGLAND,2596.94,70860.0,26550.0,21800.0,18410.0,12210.0,7600.0,4550.0,590.0,,162560.0,True,307605231.7234,1731.29,2019.84,2308.39,2596.94,3174.04,3751.14,4328.23,5193.88
E06000058,"Bournemouth, Christchurch and Poole",ENGLAND,2435.58,26730.0,34610.0,54390.0,36070.0,21890.0,9450.0,5820.0,1310.0,,190260.0,True,374759089.9416,1623.72,1894.34,2164.96,2435.58,2976.82,3518.06,4059.30,4871.16
E06000059,Dorset,ENGLAND,2765.02,20840.0,31970.0,43430.0,37400.0,28890.0,16160.0,8230.0,740.0,,187640.0,True,455833178.642,1843.35,2150.57,2457.80,2765.02,3379.47,3993.92,4608.37,5530.04
E06000060,Buckinghamshire,ENGLAND,2526.58,6970.0,26310.0,54560.0,47150.0,36730.0,29170.0,31530.0,6160.0,,238580.0,True,600363690.9438,1684.39,1965.12,2245.85,2526.58,3088.04,3649.50,4210.97,5053.16
E06000061,North Northamptonshire,ENGLAND,2423.96,48480.0,42960.0,29500.0,18750.0,12750.0,5530.0,3060.0,280.0,,161300.0,True,290406600.0528,1615.97,1885.30,2154.63,2423.96,2962.62,3501.28,4039.93,4847.92
E06000062,West Northamptonshire,ENGLAND,2486.66,38700.0,41080.0,46110.0,24480.0,17970.0,10680.0,6520.0,490.0,,186010.0,True,367682918.7856,1657.77,1934.07,2210.36,2486.66,3039.25,3591.84,4144.43,4973.32
E06000063,Cumberland,ENGLAND,2511.32,64010.0,25940.0,20470.0,15630.0,8470.0,2980.0,980.0,80.0,,138560.0,True,236997160.946,1674.21,1953.25,2232.28,2511.32,3069.39,3627.46,4185.53,5022.64
E06000064,Westmorland and Furness,ENGLAND,2507.99,29300.0,24520.0,23280.0,17770.0,12750.0,6480.0,3440.0,340.0,,117860.0,True,242993207.1637,1671.99,1950.66,2229.32,2507.99,3065.32,3622.65,4179.98,5015.98
E06000065,North Yorkshire,ENGLAND,2544.34,48920.0,65620.0,70150.0,46130.0,37890.0,22340.0,14070.0,1310.0,,306440.0,True,660473592.9662,1696.23,1978.93,2261.64,2544.34,3109.75,3675.16,4240.57,5088.68
E06000066,Somerset,ENGLAND,2560.59,43360.0,72220.0,59900.0,40390.0,31050.0,16940.0,7820.0,520.0,,272210.0,True,564425860.5495,1707.06,1991.57,2276.08,2560.59,3129.61,3698.63,4267.65,5121.18
E07000008,Cambridge,ENGLAND,2467.02,4420.0,11090.0,20890.0,10610.0,6060.0,3990.0,3270.0,510.0,,60840.0,True,116051433.2028,1644.68,1918.79,2192.91,2467.02,3015.25,3563.47,4111.70,4934.04
E07000009,East Cambridgeshire,ENGLAND,2485.18,5000.0,11670.0,8580.0,7610.0,5110.0,2460.0,820.0,90.0,,41350.0,True,84112209.39359999,1656.79,1932.92,2209.05,2485.18,3037.44,3589.70,4141.97,4970.36
E07000010,Fenland,ENGLAND,2537.74,17450.0,13190.0,9030.0,4960.0,2520.0,710.0,190.0,30.0,,48060.0,True,83011632.47899999,1691.83,1973.80,2255.77,2537.74,3101.68,3665.62,4229.57,5075.48
E07000011,Huntingdonshire,ENGLAND,2556.4,12600.0,21820.0,19420.0,12970.0,10360.0,4490.0,2010.0,180.0,,83840.0,True,170498919.052,1704.27,1988.31,2272.36,2556.40,3124.49,3692.58,4260.67,5112.80
E07000012,South Cambridgeshire,ENGLAND,2536.25,2780.0,8620.0,22500.0,13830.0,12340.0,8670.0,4900.0,420.0,,74060.0,True,176533018.1875,1690.83,1972.64,2254.44,2536.25,3099.86,3663.47,4227.08,5072.50
E07000032,Amber Valley,ENGLAND,2407.69,22980.0,12960.0,11020.0,7050.0,3630.0,1940.0,1550.0,140.0,,61270.0,True,103047976.3088,1605.13,1872.65,2140.17,2407.69,2942.73,3477.77,4012.82,4815.38
E07000033,Bolsover,ENGLAND,2559.41,22440.0,6910.0,4880.0,3040.0,1150.0,350.0,150.0,20.0,,38940.0,True,61046074.74419999,1706.27,1990.65,2275.03,2559.41,3128.17,3696.93,4265.68,5118.82
E07000034,Chesterfield,ENGLAND,2339.49,27100.0,10630.0,6530.0,4070.0,2150.0,620.0,220.0,30.0,,51350.0,True,72837728.4498,1559.66,1819.60,2079.55,2339.49,2859.38,3379.26,3899.15,4678.98
E07000035,Derbyshire Dales,ENGLAND,2444.7,3680.0,7630.0,7720.0,5850.0,5290.0,3300.0,2170.0,140.0,,35770.0,True,77618344.90799999,1629.80,1901.43,2173.07,2444.70,2987.97,3531.23,4074.50,4889.40
E07000036,Erewash,ENGLAND,2360.64,22010.0,14290.0,7900.0,5080.0,2430.0,920.0,530.0,40.0,,53190.0,True,83145730.2816,1573.76,1836.05,2098.35,2360.64,2885.23,3409.81,3934.40,4721.28
E07000037,High Peak,ENGLAND,2384.66,8670.0,13380.0,9510.0,5120.0,4100.0,2200.0,860.0,50.0,,43890.0,True,78740328.56319998,1589.77,1854.74,2119.70,2384.66,2914.58,3444.51,3974.43,4769.32
E07000038,North East Derbyshire,ENGLAND,2466.57,19260.0,10030.0,8200.0,5700.0,3300.0,1630.0,900.0,70.0,,49080.0,True,84402991.51889999,1644.38,1918.44,2192.51,2466.57,3014.70,3562.82,4110.95,4933.14
E07000039,South Derbyshire,ENGLAND,2339.61,11910.0,11780.0,9770.0,8370.0,5700.0,2430.0,1020.0,100.0,,51070.0,True,92340288.9864,1559.74,1819.70,2079.65,2339.61,2859.52,3379.44,3899.35,4679.22
E07000040,East Devon,ENGLAND,2595.46,6860.0,14150.0,17830.0,13670.0,11400.0,6700.0,4270.0,210.0,,75100.0,True,172658590.1726,1730.31,2018.69,2307.08,2595.46,3172.23,3749.00,4325.77,5190.92
E07000041,Exeter,ENGLAND,2495.36,13480.0,15450.0,14560.0,10030.0,4570.0,2220.0,1020.0,50.0,,61380.0,True,102276147.5008,1663.57,1940.84,2218.10,2495.36,3049.88,3604.41,4158.93,4990.72
E07000042,Mid Devon,ENGLAND,2656.41,6550.0,9380.0,7290.0,6700.0,5010.0,2640.0,980.0,60.0,,38610.0,True,83891659.18439999,1770.94,2066.10,2361.25,2656.41,3246.72,3837.04,4427.35,5312.82
E07000043,North Devon,ENGLAND,2642.21,10450.0,11830.0,10620.0,8670.0,5100.0,2040.0,640.0,50.0,,49400.0,True,101676124.8487,1761.47,2055.05,2348.63,2642.21,3229.37,3816.53,4403.68,5284.42
E07000044,South Hams,ENGLAND,2615.22,5360.0,9100.0,9570.0,8500.0,7590.0,4140.0,3200.0,380.0,,47840.0,True,121130556.9588,1743.48,2034.06,2324.64,2615.22,3196.38,3777.54,4358.70,5230.44
E07000045,Teignbridge,ENGLAND,2643.12,9080.0,14740.0,14520.0,12280.0,8610.0,4110.0,2060.0,120.0,,65510.0,True,140888947.77359998,1762.08,2055.76,2349.44,2643.12,3230.48,3817.84,4405.20,5286.24
E07000046,Torridge,ENGLAND,2601.42,8460.0,7500.0,7340.0,6150.0,3520.0,1210.0,390.0,30.0,,34600.0,True,70389872.715,1734.28,2023.33,2312.37,2601.42,3179.51,3757.61,4335.70,5202.84
E07000047,West Devon,ENGLAND,2705.33,3640.0,6760.0,5760.0,4560.0,3710.0,1920.0,1050.0,80.0,,27470.0,True,61999400.275,1803.55,2104.15,2404.74,2705.33,3306.51,3907.70,4508.88,5410.66
E07000061,Eastbourne,ENGLAND,2654.28,8870.0,13370.0,10980.0,8760.0,4600.0,2070.0,1130.0,90.0,,49870.0,True,100026807.228,1769.52,2064.44,2359.36,2654.28,3244.12,3833.96,4423.80,5308.56
E07000062,Hastings,ENGLAND,2676.58,14990.0,12520.0,7810.0,5800.0,2350.0,860.0,200.0,40.0,,44570.0,True,78580133.0378,1784.39,2081.78,2379.18,2676.58,3271.38,3866.17,4460.97,5353.16
E07000063,Lewes,ENGLAND,2756.17,4510.0,6410.0,13850.0,10360.0,6260.0,3300.0,2420.0,250.0,,47360.0,True,109470855.4599,1837.45,2143.69,2449.93,2756.17,3368.65,3981.13,4593.62,5512.34
E07000064,Rother,ENGLAND,2700.95,5050.0,7420.0,10230.0,9430.0,7690.0,4110.0,2770.0,280.0,,46970.0,True,108819546.892,1800.63,2100.74,2400.84,2700.95,3301.16,3901.37,4501.58,5401.90
E07000065,Wealden,ENGLAND,2728.43,4360.0,8470.0,17900.0,16070.0,12010.0,8130.0,7340.0,950.0,,75240.0,True,192940927.45,1818.95,2122.11,2425.27,2728.43,3334.75,3941.07,4547.38,5456.86
E07000066,Basildon,ENGLAND,2327.24,9100.0,16310.0,24750.0,14900.0,7930.0,4900.0,2080.0,200.0,,80160.0,True,147426464.96799996,1551.49,1810.08,2068.66,2327.24,2844.40,3361.57,3878.73,4654.48
E07000067,Braintree,ENGLAND,2280.34,6240.0,17650.0,20390.0,10900.0,8240.0,4990.0,2500.0,230.0,,71150.0,True,136107360.4854,1520.23,1773.60,2026.97,2280.34,2787.08,3293.82,3800.57,4560.68
E07000068,Brentwood,ENGLAND,2258.14,690.0,3080.0,6950.0,8900.0,6470.0,4620.0,4060.0,660.0,,35420.0,True,79803886.9956,1505.43,1756.33,2007.24,2258.14,2759.95,3261.76,3763.57,4516.28
E07000069,Castle Point,ENGLAND,2318.63,3370.0,6440.0,13880.0,8710.0,4480.0,1920.0,770.0,70.0,,39630.0,True,74080576.29450001,1545.75,1803.38,2061.00,2318.63,2833.88,3349.13,3864.38,4637.26
E07000070,Chelmsford,ENGLAND,2300.18,5180.0,10960.0,23980.0,18540.0,11460.0,6610.0,4590.0,450.0,,81760.0,True,167657590.00199997,1533.45,1789.03,2044.60,2300.18,2811.33,3322.48,3833.63,4600.36
E07000071,Colchester,ENGLAND,2282.85,9600.0,23120.0,21170.0,16230.0,9320.0,4310.0,2600.0,170.0,,86520.0,True,154434870.98549998,1521.90,1775.55,2029.20,2282.85,2790.15,3297.45,3804.75,4565.70
E07000072,Epping Forest,ENGLAND,2277.21,2120.0,5220.0,12060.0,14210.0,10280.0,7130.0,6320.0,1260.0,,58610.0,True,130820750.1822,1518.14,1771.16,2024.19,2277.21,2783.26,3289.30,3795.35,4554.42
E07000073,Harlow,ENGLAND,2298.69,2620.0,8360.0,19630.0,5240.0,3070.0,1180.0,450.0,20.0,,40560.0,True,70293043.71090001,1532.46,1787.87,2043.28,2298.69,2809.51,3320.33,3831.15,4597.38
E07000074,Maldon,ENGLAND,2328.37,2480.0,3980.0,8640.0,5690.0,4710.0,3180.0,1700.0,190.0,,30560.0,True,64400222.8441,1552.25,1810.95,2069.66,2328.37,2845.79,3363.20,3880.62,4656.74
E07000075,Rochford,ENGLAND,2363.48,1580.0,4080.0,12110.0,10890.0,5350.0,2800.0,1450.0,80.0,,38340.0,True,80682376.7428,1575.65,1838.26,2100.87,2363.48,2888.70,3413.92,3939.13,4726.96
E07000076,Tendring,ENGLAND,2269.63,13840.0,18040.0,22070.0,12380.0,6120.0,2160.0,980.0,90.0,,75690.0,True,127770023.7539,1513.09,1765.27,2017.45,2269.63,2773.99,3278.35,3782.72,4539.26
E07000077,Uttlesford,ENGLAND,2333.82,1430.0,4180.0,8770.0,8080.0,7610.0,5310.0,4960.0,460.0,,40790.0,True,95153738.8794,1555.88,1815.19,2074.51,2333.82,2852.45,3371.07,3889.70,4667.64
E07000078,Cheltenham,ENGLAND,2369.52,9990.0,13530.0,14150.0,9450.0,5270.0,2800.0,2210.0,150.0,,57560.0,True,107492824.5912,1579.68,1842.96,2106.24,2369.52,2896.08,3422.64,3949.20,4739.04
E07000079,Cotswold,ENGLAND,2391.65,3710.0,5430.0,11550.0,7770.0,6740.0,5310.0,4950.0,780.0,,46250.0,True,108783482.755,1594.43,1860.17,2125.91,2391.65,2923.13,3454.61,3986.08,4783.30
E07000080,Forest of Dean,ENGLAND,2443.42,7210.0,10410.0,9230.0,6150.0,4670.0,2190.0,1040.0,80.0,,40980.0,True,77993453.2818,1628.95,1900.44,2171.93,2443.42,2986.40,3529.38,4072.37,4886.84
E07000081,Gloucester,ENGLAND,2355.84,17700.0,16980.0,14340.0,6110.0,3880.0,930.0,180.0,10.0,,60130.0,True,96160677.12,1570.56,1832.32,2094.08,2355.84,2879.36,3402.88,3926.40,4711.68
E07000082,Stroud,ENGLAND,2491.36,7630.0,13050.0,13150.0,8640.0,7320.0,4230.0,2660.0,260.0,,56940.0,True,120515229.9472,1660.91,1937.72,2214.54,2491.36,3045.00,3598.63,4152.27,4982.72
E07000083,Tewkesbury,ENGLAND,2340.53,7060.0,7130.0,13060.0,6790.0,6070.0,3780.0,2130.0,210.0,,46230.0,True,91803099.7013,1560.35,1820.41,2080.47,2340.53,2860.65,3380.77,3900.88,4681.06
E07000084,Basingstoke and Deane,ENGLAND,2255.21,2620.0,13300.0,28100.0,15490.0,11350.0,6790.0,3570.0,460.0,,81690.0,True,161429600.6554,1503.47,1754.05,2004.63,2255.21,2756.37,3257.53,3758.68,4510.42
E07000085,East Hampshire,ENGLAND,2343.92,3080.0,6360.0,13430.0,11590.0,9270.0,6950.0,5160.0,670.0,,56500.0,True,125280437.9112,1562.61,1823.05,2083.48,2343.92,2864.79,3385.66,3906.53,4687.84
E07000086,Eastleigh,ENGLAND,2342.21,4710.0,12600.0,19810.0,11260.0,8190.0,3510.0,1210.0,30.0,,61320.0,True,120453442.6446,1561.47,1821.72,2081.96,2342.21,2862.70,3383.19,3903.68,4684.42
E07000087,Fareham,ENGLAND,2270.55,3640.0,7390.0,15710.0,10880.0,8130.0,3720.0,1530.0,140.0,,51150.0,True,102211759.96500002,1513.70,1765.98,2018.27,2270.55,2775.12,3279.68,3784.25,4541.10
E07000088,Gosport,ENGLAND,2344.29,6170.0,13380.0,9230.0,5170.0,2010.0,1570.0,330.0,20.0,,37880.0,True,65026548.9783,1562.86,1823.34,2083.81,2344.29,2865.24,3386.20,3907.15,4688.58
E07000089,Hart,ENGLAND,2400.02,780.0,2600.0,10120.0,9720.0,8280.0,7220.0,4050.0,260.0,,43030.0,True,104670992.251,1600.01,1866.68,2133.35,2400.02,2933.36,3466.70,4000.03,4800.04
E07000090,Havant,ENGLAND,2320.28,8610.0,14860.0,13770.0,10550.0,5950.0,2590.0,990.0,50.0,,57380.0,True,100856260.4384,1546.85,1804.66,2062.47,2320.28,2835.90,3351.52,3867.13,4640.56
E07000091,New Forest,ENGLAND,2419.76,7330.0,12250.0,18260.0,19460.0,13700.0,7220.0,4700.0,620.0,,83540.0,True,182225326.0744,1613.17,1882.04,2150.90,2419.76,2957.48,3495.21,4032.93,4839.52
E07000092,Rushmoor,ENGLAND,2320.28,1500.0,9090.0,16950.0,9310.0,4250.0,1320.0,330.0,20.0,,42770.0,True,77926023.73,1546.85,1804.66,2062.47,2320.28,2835.90,3351.52,3867.13,4640.56
E07000093,Test Valley,ENGLAND,2305.52,3120.0,10040.0,15600.0,11420.0,8800.0,5320.0,3950.0,560.0,,58810.0,True,122507609.308,1537.01,1793.18,2049.35,2305.52,2817.86,3330.20,3842.53,4611.04
E07000094,Winchester,ENGLAND,2359.76,3050.0,7530.0,13750.0,11310.0,9190.0,7180.0,6020.0,750.0,,58770.0,True,130385919.4664,1573.17,1835.37,2097.56,2359.76,2884.15,3408.54,3932.93,4719.52
E07000095,Broxbourne,ENGLAND,2306.43,590.0,3820.0,9960.0,14530.0,7880.0,3010.0,2350.0,230.0,,42360.0,True,86002461.67589998,1537.62,1793.89,2050.16,2306.43,2818.97,3331.51,3844.05,4612.86
E07000096,Dacorum,ENGLAND,2408.51,1240.0,8300.0,20760.0,16240.0,9420.0,5860.0,5260.0,850.0,,67930.0,True,148105614.2813,1605.67,1873.29,2140.90,2408.51,2943.73,3478.96,4014.18,4817.02
E07000098,Hertsmere,ENGLAND,2405.83,820.0,3090.0,7450.0,14980.0,8990.0,4640.0,4750.0,1230.0,,45940.0,True,105962184.0536,1603.89,1871.20,2138.52,2405.83,2940.46,3475.09,4009.72,4811.66
E07000099,North Hertfordshire,ENGLAND,2448.52,3450.0,9440.0,20320.0,10450.0,7490.0,4900.0,3630.0,360.0,,60020.0,True,126916316.3428,1632.35,1904.40,2176.46,2448.52,2992.64,3536.75,4080.87,4897.04
E07000102,Three Rivers,ENGLAND,2422.31,890.0,2430.0,6980.0,10030.0,7560.0,4470.0,5170.0,1630.0,,39150.0,True,95732065.0638,1614.87,1884.02,2153.16,2422.31,2960.60,3498.89,4037.18,4844.62
E07000103,Watford,ENGLAND,2446.7,470.0,4490.0,16000.0,14260.0,3890.0,2220.0,1930.0,80.0,,43350.0,True,88923036.06899999,1631.13,1902.99,2174.84,2446.70,2990.41,3534.12,4077.83,4893.40
E07000105,Ashford,ENGLAND,2410.16,4380.0,13910.0,13710.0,10220.0,7120.0,6220.0,3570.0,220.0,,59350.0,True,122977522.2408,1606.77,1874.57,2142.36,2410.16,2945.75,3481.34,4016.93,4820.32
E07000106,Canterbury,ENGLAND,2419.33,7760.0,14100.0,21250.0,14160.0,7950.0,4210.0,2320.0,120.0,,71860.0,True,136703588.4309,1612.89,1881.70,2150.52,2419.33,2956.96,3494.59,4032.22,4838.66
E07000107,Dartford,ENGLAND,2375.15,1750.0,6830.0,15370.0,14590.0,7750.0,3030.0,1120.0,70.0,,50510.0,True,102951399.283,1583.43,1847.34,2111.24,2375.15,2902.96,3430.77,3958.58,4750.30
E07000108,Dover,ENGLAND,2461.74,7300.0,17350.0,14600.0,7750.0,4650.0,2580.0,1590.0,80.0,,55890.0,True,105381919.746,1641.16,1914.69,2188.21,2461.74,3008.79,3555.85,4102.90,4923.48
E07000109,Gravesham,ENGLAND,2408.24,3680.0,7050.0,15260.0,10970.0,4780.0,2130.0,1100.0,110.0,,45070.0,True,87394547.95199999,1605.49,1873.08,2140.66,2408.24,2943.40,3478.57,4013.73,4816.48
E07000110,Maidstone,ENGLAND,2502.59,4520.0,9570.0,21210.0,20600.0,10980.0,6610.0,4720.0,390.0,,78600.0,True,174634859.47349998,1668.39,1946.46,2224.52,2502.59,3058.72,3614.85,4170.98,5005.18
E07000111,Sevenoaks,ENGLAND,2522.36,1910.0,3480.0,11660.0,12160.0,7730.0,6170.0,7990.0,1550.0,,52660.0,True,135170775.26360002,1681.57,1961.84,2242.10,2522.36,3082.88,3643.41,4203.93,5044.72
E07000112,Folkestone and Hythe,ENGLAND,2538.75,7190.0,13030.0,14680.0,8720.0,5280.0,2790.0,1980.0,100.0,,53780.0,True,108702648.8625,1692.50,1974.58,2256.67,2538.75,3102.92,3667.08,4231.25,5077.50
E07000113,Swale,ENGLAND,2405.65,10400.0,16590.0,17920.0,12190.0,6130.0,2820.0,1310.0,120.0,,67470.0,True,124193966.6175,1603.77,1871.06,2138.36,2405.65,2940.24,3474.83,4009.42,4811.30
E07000114,Thanet,ENGLAND,2490.9,16400.0,20220.0,18390.0,8250.0,4210.0,1660.0,840.0,40.0,,70010.0,True,122454935.628,1660.60,1937.37,2214.13,2490.90,3044.43,3597.97,4151.50,4981.80
E07000115,Tonbridge and Malling,ENGLAND,2471.83,1770.0,4080.0,16220.0,14410.0,9650.0,5570.0,5100.0,470.0,,57270.0,True,135852345.3209,1647.89,1922.53,2197.18,2471.83,3021.13,3570.42,4119.72,4943.66
E07000116,Tunbridge Wells,ENGLAND,2446.15,3500.0,5440.0,14220.0,11090.0,7180.0,5240.0,5620.0,620.0,,52900.0,True,121677542.9905,1630.77,1902.56,2174.36,2446.15,2989.74,3533.33,4076.92,4892.30
E07000117,Burnley,ENGLAND,2549.42,25800.0,5850.0,6530.0,3080.0,1350.0,340.0,130.0,20.0,,43090.0,True,63026276.850200005,1699.61,1982.88,2266.15,2549.42,3115.96,3682.50,4249.03,5098.84
E07000118,Chorley,ENGLAND,2430.23,15200.0,12200.0,9810.0,7020.0,5490.0,2390.0,1050.0,70.0,,53230.0,True,95874955.1254,1620.15,1890.18,2160.20,2430.23,2970.28,3510.33,4050.38,4860.46
E07000119,Fylde,ENGLAND,2483.94,7180.0,7030.0,9690.0,7560.0,5420.0,2960.0,1690.0,140.0,,41680.0,True,82953511.2036,1655.96,1931.95,2207.95,2483.94,3035.93,3587.91,4139.90,4967.88
E07000120,Hyndburn,ENGLAND,2465.98,21980.0,5870.0,5900.0,2870.0,870.0,280.0,170.0,10.0,,37960.0,True,56535230.0986,1643.99,1917.98,2191.98,2465.98,3013.98,3561.97,4109.97,4931.96
E07000121,Lancaster,ENGLAND,2503.19,23600.0,16510.0,12830.0,6740.0,4270.0,2130.0,870.0,80.0,,67020.0,True,111255931.6554,1668.79,1946.93,2225.06,2503.19,3059.45,3615.72,4171.98,5006.38
E07000122,Pendle,ENGLAND,2640.18,25170.0,4850.0,4640.0,3500.0,1890.0,1030.0,550.0,40.0,,41660.0,True,68878098.31379999,1760.12,2053.47,2346.83,2640.18,3226.89,3813.59,4400.30,5280.36
E07000123,Preston,ENGLAND,2575.74,31000.0,13610.0,11260.0,7490.0,3750.0,2130.0,1080.0,70.0,,70390.0,True,120344265.1854,1717.16,2003.35,2289.55,2575.74,3148.13,3720.51,4292.90,5151.48
E07000124,Ribble Valley,ENGLAND,2386.5,3900.0,5620.0,5810.0,5100.0,4310.0,2680.0,2050.0,240.0,,29700.0,True,62155509.495000005,1591.00,1856.17,2121.33,2386.50,2916.83,3447.17,3977.50,4773.00
E07000125,Rossendale,ENGLAND,2519.97,16480.0,5250.0,4430.0,3460.0,2040.0,720.0,470.0,40.0,,32890.0,True,55365000.885,1679.98,1959.98,2239.97,2519.97,3079.96,3639.96,4199.95,5039.94
E07000126,South Ribble,ENGLAND,2442.66,10130.0,13620.0,13130.0,8660.0,4510.0,1770.0,610.0,30.0,,52470.0,True,95763190.6902,1628.44,1899.85,2171.25,2442.66,2985.47,3528.29,4071.10,4885.32
E07000127,West Lancashire,ENGLAND,2456.23,14980.0,9760.0,10530.0,7650.0,5430.0,2690.0,1700.0,110.0,,52850.0,True,99299213.7627,1637.49,1910.40,2183.32,2456.23,3002.06,3547.89,4093.72,4912.46
E07000128,Wyre,ENGLAND,2460.53,12060.0,12580.0,13420.0,7900.0,6050.0,2760.0,1150.0,80.0,,55980.0,True,101098232.0347,1640.35,1913.75,2187.14,2460.53,3007.31,3554.10,4100.88,4921.06
E07000129,Blaby,ENGLAND,2490.22,5040.0,15700.0,10280.0,6940.0,4640.0,1660.0,550.0,40.0,,44840.0,True,87035255.8826,1660.15,1936.84,2213.53,2490.22,3043.60,3596.98,4150.37,4980.44
E07000130,Charnwood,ENGLAND,2405.64,13340.0,22020.0,19430.0,11510.0,7600.0,3430.0,2070.0,230.0,,79620.0,True,146830955.77319998,1603.76,1871.05,2138.35,2405.64,2940.23,3474.81,4009.40,4811.28
E07000131,Harborough,ENGLAND,2389.87,4750.0,9770.0,8640.0,7110.0,7400.0,4120.0,2840.0,260.0,,44900.0,True,96766553.261,1593.25,1858.79,2124.33,2389.87,2920.95,3452.03,3983.12,4779.74
E07000132,Hinckley and Bosworth,ENGLAND,2382.62,8930.0,16590.0,11540.0,7590.0,4630.0,2350.0,1160.0,70.0,,52840.0,True,97034200.9008,1588.41,1853.15,2117.88,2382.62,2912.09,3441.56,3971.03,4765.24
E07000133,Melton,ENGLAND,2429.67,3700.0,7790.0,4100.0,4050.0,2690.0,1640.0,1050.0,90.0,,25110.0,True,50451320.0556,1619.78,1889.74,2159.71,2429.67,2969.60,3509.52,4049.45,4859.34
E07000134,North West Leicestershire,ENGLAND,2418.2,10270.0,14790.0,8280.0,7300.0,5420.0,2050.0,990.0,60.0,,49150.0,True,92237450.964,1612.13,1880.82,2149.51,2418.20,2955.58,3492.96,4030.33,4836.40
E07000135,Oadby and Wigston,ENGLAND,2406.85,4150.0,6340.0,7340.0,3290.0,2200.0,650.0,490.0,90.0,,24560.0,True,45705768.6095,1604.57,1871.99,2139.42,2406.85,2941.71,3476.56,4011.42,4813.70
E07000136,Boston,ENGLAND,2308.73,15550.0,6610.0,6240.0,2390.0,880.0,240.0,80.0,20.0,,31990.0,True,47770163.303,1539.15,1795.68,2052.20,2308.73,2821.78,3334.83,3847.88,4617.46
E07000137,East Lindsey,ENGLAND,2275.88,28110.0,15500.0,16290.0,6970.0,3790.0,1490.0,610.0,60.0,,72820.0,True,113440237.2128,1517.25,1770.13,2023.00,2275.88,2781.63,3287.38,3793.13,4551.76
E07000138,Lincoln,ENGLAND,2323.08,28930.0,9140.0,4950.0,2570.0,1440.0,530.0,140.0,40.0,,47750.0,True,61694105.2524,1548.72,1806.84,2064.96,2323.08,2839.32,3355.56,3871.80,4646.16
E07000139,North Kesteven,ENGLAND,2337.81,14220.0,14110.0,13430.0,7480.0,3840.0,1680.0,430.0,60.0,,55250.0,True,95308586.1792,1558.54,1818.30,2078.05,2337.81,2857.32,3376.84,3896.35,4675.62
E07000140,South Holland,ENGLAND,2278.2,16760.0,9810.0,10700.0,4790.0,2150.0,450.0,120.0,20.0,,44790.0,True,71420499.24599999,1518.80,1771.93,2025.07,2278.20,2784.47,3290.73,3797.00,4556.40
E07000141,South Kesteven,ENGLAND,2260.0,20100.0,15530.0,11790.0,9650.0,6080.0,3130.0,1130.0,110.0,,67510.0,True,114197302.8,1506.67,1757.78,2008.89,2260.00,2762.22,3264.44,3766.67,4520.00
E07000142,West Lindsey,ENGLAND,2354.25,17270.0,8670.0,8200.0,6290.0,3970.0,1690.0,550.0,70.0,,46710.0,True,79041283.4475,1569.50,1831.08,2092.67,2354.25,2877.42,3400.58,3923.75,4708.50
E07000143,Breckland,ENGLAND,2443.67,16260.0,18480.0,14810.0,8550.0,5040.0,1910.0,830.0,60.0,,65950.0,True,117759650.8889,1629.11,1900.63,2172.15,2443.67,2986.71,3529.75,4072.78,4887.34
E07000144,Broadland,ENGLAND,2437.78,5060.0,16080.0,21850.0,10660.0,5650.0,2370.0,880.0,100.0,,62650.0,True,122031390.72980002,1625.19,1896.05,2166.92,2437.78,2979.51,3521.24,4062.97,4875.56
E07000145,Great Yarmouth,ENGLAND,2414.41,20910.0,12800.0,9080.0,4480.0,2020.0,640.0,260.0,20.0,,50210.0,True,78466876.354,1609.61,1877.87,2146.14,2414.41,2950.95,3487.48,4024.02,4828.82
E07000146,King's Lynn and West Norfolk,ENGLAND,2430.13,24670.0,17970.0,13850.0,10010.0,5410.0,2790.0,1220.0,120.0,,76030.0,True,139444747.608,1620.09,1890.10,2160.12,2430.13,2970.16,3510.19,4050.22,4860.26
E07000147,North Norfolk,ENGLAND,2459.93,12190.0,14640.0,11880.0,9220.0,5130.0,2460.0,1100.0,90.0,,56700.0,True,115525372.7991,1639.95,1913.28,2186.60,2459.93,3006.58,3553.23,4099.88,4919.86
E07000148,Norwich,ENGLAND,2503.44,28590.0,23800.0,9090.0,3760.0,2360.0,930.0,610.0,70.0,,69220.0,True,104319095.832,1668.96,1947.12,2225.28,2503.44,3059.76,3616.08,4172.40,5006.88
E07000149,South Norfolk,ENGLAND,2482.87,7340.0,18430.0,16780.0,11990.0,7950.0,3400.0,1580.0,120.0,,67590.0,True,135243344.1359,1655.25,1931.12,2207.00,2482.87,3034.62,3586.37,4138.12,4965.74
E07000170,Ashfield,ENGLAND,2608.76,30290.0,11920.0,9110.0,4460.0,1560.0,520.0,130.0,30.0,,58020.0,True,93062738.9692,1739.17,2029.04,2318.90,2608.76,3188.48,3768.21,4347.93,5217.52
E07000171,Bassetlaw,ENGLAND,2644.95,28230.0,9040.0,7100.0,7070.0,3530.0,1720.0,740.0,60.0,,57490.0,True,104384221.326,1763.30,2057.18,2351.07,2644.95,3232.72,3820.48,4408.25,5289.90
E07000172,Broxtowe,ENGLAND,2618.21,16870.0,13610.0,11200.0,6230.0,2840.0,840.0,510.0,30.0,,52130.0,True,94838792.4596,1745.47,2036.39,2327.30,2618.21,3200.03,3781.86,4363.68,5236.42
E07000173,Gedling,ENGLAND,2609.55,14900.0,15650.0,10760.0,7070.0,4390.0,1500.0,950.0,100.0,,55320.0,True,105315566.5125,1739.70,2029.65,2319.60,2609.55,3189.45,3769.35,4349.25,5219.10
E07000174,Mansfield,ENGLAND,2600.38,27850.0,9960.0,7030.0,4250.0,1770.0,470.0,210.0,30.0,,51550.0,True,82840253.6524,1733.59,2022.52,2311.45,2600.38,3178.24,3756.10,4333.97,5200.76
E07000175,Newark and Sherwood,ENGLAND,2682.1,24260.0,8980.0,9640.0,6640.0,4570.0,2810.0,1530.0,140.0,,58560.0,True,115832603.688,1788.07,2086.08,2384.09,2682.10,3278.12,3874.14,4470.17,5364.20
E07000176,Rushcliffe,ENGLAND,2643.27,6420.0,11430.0,12090.0,10200.0,7720.0,4640.0,2720.0,150.0,,55380.0,True,126555776.2623,1762.18,2055.88,2349.57,2643.27,3230.66,3818.06,4405.45,5286.54
E07000177,Cherwell,ENGLAND,2582.96,6230.0,16680.0,19780.0,12700.0,9260.0,4490.0,2890.0,270.0,,72300.0,True,157880562.9144,1721.97,2008.97,2295.96,2582.96,3156.95,3730.94,4304.93,5165.92
E07000178,Oxford,ENGLAND,2678.4,2970.0,9890.0,19810.0,16320.0,7670.0,3140.0,3370.0,610.0,,63780.0,True,133562326.464,1785.60,2083.20,2380.80,2678.40,3273.60,3868.80,4464.00,5356.80
E07000179,South Oxfordshire,ENGLAND,2597.57,2130.0,6070.0,18530.0,15260.0,10980.0,6810.0,6420.0,990.0,,67190.0,True,169008476.30990002,1731.71,2020.33,2308.95,2597.57,3174.81,3752.05,4329.28,5195.14
E07000180,Vale of White Horse,ENGLAND,2577.44,1910.0,6870.0,19390.0,14150.0,10450.0,6620.0,4870.0,490.0,,64750.0,True,156141676.0416,1718.29,2004.68,2291.06,2577.44,3150.20,3722.97,4295.73,5154.88
E07000181,West Oxfordshire,ENGLAND,2566.95,1690.0,6220.0,17990.0,11950.0,7990.0,4640.0,3100.0,420.0,,53990.0,True,128058641.1165,1711.30,1996.52,2281.73,2566.95,3137.38,3707.82,4278.25,5133.90
E07000192,Cannock Chase,ENGLAND,2375.83,14120.0,14510.0,8860.0,5680.0,2000.0,660.0,280.0,20.0,,46120.0,True,73182739.00659999,1583.89,1847.87,2111.85,2375.83,2903.79,3431.75,3959.72,4751.66
E07000193,East Staffordshire,ENGLAND,2351.34,18370.0,12310.0,9590.0,6790.0,5160.0,2660.0,1300.0,100.0,,56270.0,True,98871566.2002,1567.56,1828.82,2090.08,2351.34,2873.86,3396.38,3918.90,4702.68
E07000194,Lichfield,ENGLAND,2351.9,6010.0,11020.0,12460.0,7530.0,5140.0,4030.0,2730.0,430.0,,49330.0,True,99099705.438,1567.93,1829.26,2090.58,2351.90,2874.54,3397.19,3919.83,4703.80
E07000195,Newcastle-under-Lyme,ENGLAND,2334.25,24990.0,10910.0,11780.0,4990.0,2910.0,1860.0,1020.0,50.0,,58520.0,True,92254905.4325,1556.17,1815.53,2074.89,2334.25,2852.97,3371.69,3890.42,4668.50
E07000196,South Staffordshire,ENGLAND,2313.67,6900.0,10910.0,12080.0,7570.0,5600.0,3610.0,2490.0,220.0,,49370.0,True,94538916.1434,1542.45,1799.52,2056.60,2313.67,2827.82,3341.97,3856.12,4627.34
E07000197,Stafford,ENGLAND,2302.68,12420.0,14480.0,14660.0,10060.0,7020.0,3780.0,1660.0,110.0,,64170.0,True,117457312.0128,1535.12,1790.97,2046.83,2302.68,2814.39,3326.09,3837.80,4605.36
E07000198,Staffordshire Moorlands,ENGLAND,2338.21,9660.0,10860.0,10880.0,6360.0,4560.0,2020.0,810.0,40.0,,45180.0,True,81123728.30800001,1558.81,1818.61,2078.41,2338.21,2857.81,3377.41,3897.02,4676.42
E07000199,Tamworth,ENGLAND,2300.76,9530.0,12410.0,6180.0,4020.0,2210.0,600.0,130.0,10.0,,35070.0,True,55627499.18880001,1533.84,1789.48,2045.12,2300.76,2812.04,3323.32,3834.60,4601.52
E07000200,Babergh,ENGLAND,2341.55,5220.0,12430.0,9280.0,7820.0,4880.0,2650.0,1800.0,200.0,,44280.0,True,86388232.49550001,1561.03,1821.21,2081.38,2341.55,2861.89,3382.24,3902.58,4683.10
E07000202,Ipswich,ENGLAND,2468.25,19420.0,23220.0,11540.0,4510.0,2370.0,960.0,380.0,20.0,,62410.0,True,100245258.675,1645.50,1919.75,2194.00,2468.25,3016.75,3565.25,4113.75,4936.50
E07000203,Mid Suffolk,ENGLAND,2316.88,5950.0,13510.0,11200.0,8080.0,6420.0,3390.0,1740.0,110.0,,50400.0,True,98656457.408,1544.59,1802.02,2059.45,2316.88,2831.74,3346.60,3861.47,4633.76
E07000207,Elmbridge,ENGLAND,2557.75,460.0,1890.0,8180.0,14150.0,11310.0,8140.0,11460.0,4550.0,,60130.0,True,174567000.205,1705.17,1989.36,2273.56,2557.75,3126.14,3694.53,4262.92,5115.50
E07000208,Epsom and Ewell,ENGLAND,2530.84,160.0,1270.0,5610.0,9290.0,7810.0,4830.0,4180.0,150.0,,33310.0,True,86398878.87280001,1687.23,1968.43,2249.64,2530.84,3093.25,3655.66,4218.07,5061.68
E07000209,Guildford,ENGLAND,2547.3,2290.0,3550.0,12790.0,16940.0,10640.0,6920.0,7590.0,1860.0,,62580.0,True,159479498.871,1698.20,1981.23,2264.27,2547.30,3113.37,3679.43,4245.50,5094.60
E07000210,Mole Valley,ENGLAND,2519.86,1690.0,2740.0,4520.0,8420.0,7240.0,6310.0,7830.0,1080.0,,39830.0,True,107809539.0484,1679.91,1959.89,2239.88,2519.86,3079.83,3639.80,4199.77,5039.72
E07000211,Reigate and Banstead,ENGLAND,2566.61,1230.0,4270.0,13130.0,18260.0,11660.0,7700.0,7540.0,1140.0,,64930.0,True,167523096.6898,1711.07,1996.25,2281.43,2566.61,3136.97,3707.33,4277.68,5133.22
E07000212,Runnymede,ENGLAND,2492.99,2500.0,1610.0,8040.0,11690.0,6950.0,4300.0,3230.0,1140.0,,39460.0,True,92856672.7589,1661.99,1938.99,2215.99,2492.99,3046.99,3600.99,4154.98,4985.98
E07000213,Spelthorne,ENGLAND,2526.44,460.0,1790.0,10140.0,15180.0,10110.0,4730.0,2200.0,120.0,,44730.0,True,106445081.7136,1684.29,1965.01,2245.72,2526.44,3087.87,3649.30,4210.73,5052.88
E07000214,Surrey Heath,ENGLAND,2585.16,740.0,2650.0,6380.0,10230.0,6900.0,5940.0,5330.0,540.0,,38700.0,True,105937943.7816,1723.44,2010.68,2297.92,2585.16,3159.64,3734.12,4308.60,5170.32
E07000215,Tandridge,ENGLAND,2594.85,940.0,2230.0,5440.0,9130.0,7870.0,4940.0,6400.0,1290.0,,38240.0,True,103822024.38,1729.90,2018.22,2306.53,2594.85,3171.48,3748.12,4324.75,5189.70
E07000216,Waverley,ENGLAND,2604.87,1030.0,3480.0,10920.0,13590.0,10110.0,7380.0,8910.0,2180.0,,57590.0,True,157838242.44239998,1736.58,2026.01,2315.44,2604.87,3183.73,3762.59,4341.45,5209.74
E07000217,Woking,ENGLAND,2598.04,340.0,3620.0,11320.0,12600.0,6360.0,4240.0,5260.0,830.0,,44560.0,True,114327659.514,1732.03,2020.70,2309.37,2598.04,3175.38,3752.72,4330.07,5196.08
E07000218,North Warwickshire,ENGLAND,2532.1,6750.0,7510.0,6520.0,4060.0,2610.0,1420.0,790.0,80.0,,29740.0,True,56553111.487,1688.07,1969.41,2250.76,2532.10,3094.79,3657.48,4220.17,5064.20
E07000219,Nuneaton and Bedworth,ENGLAND,2502.16,20960.0,13710.0,14700.0,7910.0,3180.0,870.0,200.0,20.0,,61530.0,True,105203242.1352,1668.11,1946.12,2224.14,2502.16,3058.20,3614.23,4170.27,5004.32
E07000220,Rugby,ENGLAND,2483.05,9090.0,12130.0,12530.0,7400.0,5280.0,3530.0,1910.0,110.0,,51990.0,True,104257558.485,1655.37,1931.26,2207.16,2483.05,3034.84,3586.63,4138.42,4966.10
E07000221,Stratford-on-Avon,ENGLAND,2484.17,3850.0,8630.0,18950.0,11350.0,10780.0,6850.0,5980.0,1000.0,,67380.0,True,156157534.5785,1656.11,1932.13,2208.15,2484.17,3036.21,3588.25,4140.28,4968.34
E07000222,Warwick,ENGLAND,2461.55,5040.0,12630.0,18940.0,13730.0,8520.0,5700.0,4720.0,460.0,,69750.0,True,147803375.902,1641.03,1914.54,2188.04,2461.55,3008.56,3555.57,4102.58,4923.10
E07000223,Adur,ENGLAND,2548.28,2780.0,5110.0,11580.0,6340.0,2050.0,760.0,340.0,10.0,,28980.0,True,56716252.510400005,1698.85,1982.00,2265.14,2548.28,3114.56,3680.85,4247.13,5096.56
E07000224,Arun,ENGLAND,2487.24,8520.0,12990.0,21180.0,16680.0,10930.0,6350.0,2800.0,310.0,,79760.0,True,168637981.04999998,1658.16,1934.52,2210.88,2487.24,3039.96,3592.68,4145.40,4974.48
E07000225,Chichester,ENGLAND,2469.68,3350.0,6540.0,15290.0,13040.0,9560.0,6440.0,6020.0,1360.0,,61610.0,True,147627418.8024,1646.45,1920.86,2195.27,2469.68,3018.50,3567.32,4116.13,4939.36
E07000226,Crawley,ENGLAND,2418.46,1300.0,7670.0,22570.0,9100.0,3820.0,2350.0,470.0,10.0,,47290.0,True,89533759.2908,1612.31,1881.02,2149.74,2418.46,2955.90,3493.33,4030.77,4836.92
E07000227,Horsham,ENGLAND,2441.01,2440.0,6790.0,14020.0,14410.0,11640.0,8560.0,8080.0,840.0,,66760.0,True,161787091.53750002,1627.34,1898.56,2169.79,2441.01,2983.46,3525.90,4068.35,4882.02
E07000228,Mid Sussex,ENGLAND,2474.26,2340.0,7790.0,15320.0,17830.0,12370.0,9200.0,5050.0,450.0,,70340.0,True,167375845.5958,1649.51,1924.42,2199.34,2474.26,3024.10,3573.93,4123.77,4948.52
E07000229,Worthing,ENGLAND,2456.13,8370.0,11640.0,13190.0,9760.0,5610.0,2450.0,930.0,30.0,,51980.0,True,99423479.24490002,1637.42,1910.32,2183.23,2456.13,3001.94,3547.74,4093.55,4912.26
E07000234,Bromsgrove,ENGLAND,2478.65,3950.0,7460.0,9350.0,8060.0,7220.0,3850.0,2920.0,380.0,,43190.0,True,95860549.425,1652.43,1927.84,2203.24,2478.65,3029.46,3580.27,4131.08,4957.30
E07000235,Malvern Hills,ENGLAND,2450.92,4100.0,7690.0,8820.0,5980.0,5370.0,4150.0,2550.0,130.0,,38780.0,True,83479413.6048,1633.95,1906.27,2178.60,2450.92,2995.57,3540.22,4084.87,4901.84
E07000236,Redditch,ENGLAND,2462.95,8040.0,12220.0,7970.0,4490.0,3450.0,1290.0,480.0,20.0,,37960.0,True,66457090.224,1641.97,1915.63,2189.29,2462.95,3010.27,3557.59,4104.92,4925.90
E07000237,Worcester,ENGLAND,2405.81,9010.0,15430.0,12030.0,5670.0,3590.0,1620.0,450.0,10.0,,47800.0,True,82468785.04810001,1603.87,1871.19,2138.50,2405.81,2940.43,3475.06,4009.68,4811.62
E07000238,Wychavon,ENGLAND,2373.19,7180.0,12070.0,14580.0,8550.0,7890.0,6900.0,4850.0,230.0,,62250.0,True,131136427.7655,1582.13,1845.81,2109.50,2373.19,2900.57,3427.94,3955.32,4746.38
E07000239,Wyre Forest,ENGLAND,2512.47,11730.0,11960.0,12080.0,6540.0,3610.0,1800.0,1300.0,140.0,,49150.0,True,88924076.83229998,1674.98,1954.14,2233.31,2512.47,3070.80,3629.12,4187.45,5024.94
E07000240,St Albans,ENGLAND,2419.22,880.0,3220.0,10530.0,16530.0,13100.0,9530.0,8270.0,1410.0,,63480.0,True,159353973.01559997,1612.81,1881.62,2150.42,2419.22,2956.82,3494.43,4032.03,4838.44
E07000241,Welwyn Hatfield,ENGLAND,2452.26,1250.0,5850.0,16360.0,12550.0,5590.0,4500.0,3960.0,750.0,,50790.0,True,110078150.397,1634.84,1907.31,2179.79,2452.26,2997.21,3542.15,4087.10,4904.52
E07000242,East Hertfordshire,ENGLAND,2454.78,1000.0,6460.0,16520.0,17010.0,12070.0,8140.0,5950.0,870.0,,68010.0,True,163143549.60119998,1636.52,1909.27,2182.03,2454.78,3000.29,3545.79,4091.30,4909.56
E07000243,Stevenage,ENGLAND,2391.97,1700.0,6890.0,21760.0,3380.0,3280.0,980.0,430.0,20.0,,38440.0,True,69980502.8671,1594.65,1860.42,2126.20,2391.97,2923.52,3455.07,3986.62,4783.94
E07000244,East Suffolk,ENGLAND,2334.8,28230.0,31230.0,23810.0,18810.0,11760.0,5650.0,3070.0,250.0,,122810.0,True,226694674.284,1556.53,1815.96,2075.38,2334.80,2853.64,3372.49,3891.33,4669.60
E07000245,West Suffolk,ENGLAND,2351.47,12730.0,29030.0,17370.0,12390.0,7410.0,3050.0,2100.0,200.0,,84280.0,True,145044054.46629998,1567.65,1828.92,2090.20,2351.47,2874.02,3396.57,3919.12,4702.94
E08000001,Bolton,ENGLAND,2399.74,65640.0,22820.0,18990.0,11000.0,5820.0,2370.0,1930.0,250.0,,128800.0,True,200612072.67079997,1599.83,1866.46,2133.10,2399.74,2933.02,3466.29,3999.57,4799.48
E08000002,Bury,ENGLAND,2555.15,30710.0,18680.0,17540.0,9380.0,5700.0,1900.0,1320.0,180.0,,85410.0,True,151795814.6185,1703.43,1987.34,2271.24,2555.15,3122.96,3690.77,4258.58,5110.30
E08000003,Manchester,ENGLAND,2312.04,137810.0,43100.0,38170.0,21260.0,7640.0,3400.0,1270.0,150.0,,252810.0,True,329432337.26280004,1541.36,1798.25,2055.15,2312.04,2825.83,3339.61,3853.40,4624.08
E08000004,Oldham,ENGLAND,2602.23,51140.0,17700.0,16730.0,7310.0,3540.0,1630.0,940.0,80.0,,99070.0,True,159794278.8741,1734.82,2023.96,2313.09,2602.23,3180.50,3758.78,4337.05,5204.46
E08000005,Rochdale,ENGLAND,2600.83,51910.0,17400.0,13280.0,8260.0,4580.0,1710.0,900.0,50.0,,98100.0,True,159790833.872,1733.89,2022.87,2311.85,2600.83,3178.79,3756.75,4334.72,5201.66
E08000006,Salford,ENGLAND,2594.45,63640.0,31220.0,22180.0,12350.0,3910.0,1490.0,880.0,110.0,,135780.0,True,217839621.46499997,1729.63,2017.91,2306.18,2594.45,3170.99,3747.54,4324.08,5188.90
E08000007,Stockport,ENGLAND,2618.9,31820.0,29160.0,28940.0,19920.0,13320.0,6570.0,3620.0,230.0,,133580.0,True,262258400.663,1745.93,2036.92,2327.91,2618.90,3200.88,3782.86,4364.83,5237.80
E08000008,Tameside,ENGLAND,2447.21,53040.0,19680.0,20250.0,7290.0,4000.0,950.0,450.0,40.0,,105700.0,True,163602522.5507,1631.47,1903.39,2175.30,2447.21,2991.03,3534.86,4078.68,4894.42
E08000009,Trafford,ENGLAND,2291.7,20050.0,23020.0,27720.0,15590.0,7940.0,4690.0,4230.0,1070.0,,104300.0,True,190331322.582,1527.80,1782.43,2037.07,2291.70,2800.97,3310.23,3819.50,4583.40
E08000010,Wigan,ENGLAND,2152.68,68940.0,34800.0,25810.0,13480.0,7730.0,2030.0,650.0,60.0,,153490.0,True,214035504.5928,1435.12,1674.31,1913.49,2152.68,2631.05,3109.43,3587.80,4305.36
E08000011,Knowsley,ENGLAND,2488.25,38180.0,15340.0,10660.0,5000.0,2110.0,330.0,130.0,20.0,,71770.0,True,102122010.025,1658.83,1935.31,2211.78,2488.25,3041.19,3594.14,4147.08,4976.50
E08000012,Liverpool,ENGLAND,2673.59,143680.0,44920.0,29870.0,14000.0,5140.0,2360.0,1760.0,150.0,,241880.0,True,341610797.0288,1782.39,2079.46,2376.52,2673.59,3267.72,3861.85,4455.98,5347.18
E08000013,St. Helens,ENGLAND,2403.38,37850.0,19360.0,15770.0,7030.0,3810.0,1690.0,600.0,40.0,,86150.0,True,135803491.6098,1602.25,1869.30,2136.34,2403.38,2937.46,3471.55,4005.63,4806.76
E08000014,Sefton,ENGLAND,2583.22,39990.0,28250.0,31380.0,15840.0,8930.0,3990.0,2740.0,290.0,,131400.0,True,236006001.5674,1722.15,2009.17,2296.20,2583.22,3157.27,3731.32,4305.37,5166.44
E08000015,Wirral,ENGLAND,2500.59,61080.0,33140.0,27740.0,13690.0,8580.0,4390.0,3220.0,290.0,,152120.0,True,252960384.5652,1667.06,1944.90,2222.75,2500.59,3056.28,3611.96,4167.65,5001.18
E08000016,Barnsley,ENGLAND,2325.96,65310.0,19340.0,14570.0,9790.0,4190.0,1630.0,710.0,60.0,,115610.0,True,164690528.184,1550.64,1809.08,2067.52,2325.96,2842.84,3359.72,3876.60,4651.92
E08000017,Doncaster,ENGLAND,2167.75,82760.0,27200.0,16270.0,10220.0,4900.0,2280.0,980.0,140.0,,144760.0,True,193081752.63,1445.17,1686.03,1926.89,2167.75,2649.47,3131.19,3612.92,4335.50
E08000018,Rotherham,ENGLAND,2381.53,64280.0,24200.0,16130.0,9790.0,5070.0,2010.0,810.0,70.0,,122350.0,True,180542241.30550003,1587.69,1852.30,2116.92,2381.53,2910.76,3439.99,3969.22,4763.06
E08000019,Sheffield,ENGLAND,2510.16,152470.0,42460.0,33260.0,16910.0,9780.0,4420.0,2890.0,220.0,,262400.0,True,393731372.7144,1673.44,1952.35,2231.25,2510.16,3067.97,3625.79,4183.60,5020.32
E08000021,Newcastle upon Tyne,ENGLAND,2542.19,77750.0,21680.0,20520.0,10160.0,5940.0,2640.0,1930.0,140.0,,140760.0,True,202683393.8353,1694.79,1977.26,2259.72,2542.19,3107.12,3672.05,4236.98,5084.38
E08000022,North Tyneside,ENGLAND,2461.77,50580.0,16240.0,20200.0,8490.0,4540.0,1590.0,380.0,40.0,,102050.0,True,161795549.77019998,1641.18,1914.71,2188.24,2461.77,3008.83,3555.89,4102.95,4923.54
E08000023,South Tyneside,ENGLAND,2434.43,45760.0,10470.0,8880.0,4940.0,1850.0,730.0,340.0,50.0,,73020.0,True,97994108.9063,1622.95,1893.45,2163.94,2434.43,2975.41,3516.40,4057.38,4868.86
E08000024,Sunderland,ENGLAND,2197.14,80320.0,20110.0,18370.0,10090.0,3780.0,1230.0,700.0,60.0,,134650.0,True,174110755.3878,1464.76,1708.89,1953.01,2197.14,2685.39,3173.65,3661.90,4394.28
E08000025,Birmingham,ENGLAND,2362.9,164600.0,132630.0,85230.0,44530.0,23130.0,9140.0,5960.0,930.0,,466150.0,True,667795638.413,1575.27,1837.81,2100.36,2362.90,2887.99,3413.08,3938.17,4725.80
E08000026,Coventry,ENGLAND,2516.72,63820.0,44330.0,25210.0,10750.0,5230.0,2610.0,1490.0,190.0,,153630.0,True,240351793.43999997,1677.81,1957.45,2237.08,2516.72,3075.99,3635.26,4194.53,5033.44
E08000027,Dudley,ENGLAND,2144.84,43610.0,40300.0,31110.0,16400.0,7150.0,2530.0,980.0,140.0,,142230.0,True,214959553.9248,1429.89,1668.21,1906.52,2144.84,2621.47,3098.10,3574.73,4289.68
E08000028,Sandwell,ENGLAND,2244.46,59230.0,44650.0,21640.0,7680.0,2990.0,550.0,70.0,40.0,,136860.0,True,186768586.649,1496.31,1745.69,1995.08,2244.46,2743.23,3242.00,3740.77,4488.92
E08000029,Solihull,ENGLAND,2197.26,14590.0,12510.0,23390.0,17700.0,12200.0,9260.0,5820.0,490.0,,95950.0,True,178805570.0886,1464.84,1708.98,1953.12,2197.26,2685.54,3173.82,3662.10,4394.52
E08000030,Walsall,ENGLAND,2627.48,52370.0,27810.0,18930.0,10490.0,5680.0,2420.0,860.0,60.0,,118620.0,True,201080913.026,1751.65,2043.60,2335.54,2627.48,3211.36,3795.25,4379.13,5254.96
E08000031,Wolverhampton,ENGLAND,2538.99,57530.0,25570.0,17660.0,7370.0,3150.0,1730.0,1000.0,130.0,,114130.0,True,176264505.8892,1692.66,1974.77,2256.88,2538.99,3103.21,3667.43,4231.65,5077.98
E08000032,Bradford,ENGLAND,2360.73,92730.0,46940.0,41630.0,19000.0,13330.0,6260.0,3820.0,330.0,,224030.0,True,360921787.7391,1573.82,1836.12,2098.43,2360.73,2885.34,3409.94,3934.55,4721.46
E08000033,Calderdale,ENGLAND,2420.15,44900.0,18530.0,16060.0,7730.0,5630.0,3150.0,1380.0,60.0,,97430.0,True,159935951.571,1613.43,1882.34,2151.24,2420.15,2957.96,3495.77,4033.58,4840.30
E08000034,Kirklees,ENGLAND,2441.07,86120.0,35310.0,33310.0,17860.0,12720.0,5720.0,2330.0,170.0,,193530.0,True,322588621.035,1627.38,1898.61,2169.84,2441.07,2983.53,3525.99,4068.45,4882.14
E08000035,Leeds,ENGLAND,2283.73,143230.0,80140.0,73400.0,38150.0,22930.0,10740.0,7490.0,760.0,,376840.0,True,573341150.031,1522.49,1776.23,2029.98,2283.73,2791.23,3298.72,3806.22,4567.46
E08000036,Wakefield,ENGLAND,2296.89,79970.0,31330.0,24780.0,16330.0,8860.0,2600.0,1230.0,100.0,,165190.0,True,246450485.8683,1531.26,1786.47,2041.68,2296.89,2807.31,3317.73,3828.15,4593.78
E08000037,Gateshead,ENGLAND,2715.81,56090.0,13230.0,15950.0,6070.0,2780.0,900.0,390.0,50.0,,95480.0,True,151587307.6041,1810.54,2112.30,2414.05,2715.81,3319.32,3922.84,4526.35,5431.62
E09000001,City of London,ENGLAND,1329.56,,350.0,690.0,950.0,2890.0,1390.0,1500.0,310.0,,8080.0,True,15244455.7524,886.37,1034.10,1181.83,1329.56,1625.02,1920.48,2215.93,2659.12
E09000002,Barking and Dagenham,ENGLAND,2198.51,6030.0,12420.0,50340.0,10770.0,1800.0,390.0,50.0,10.0,,81800.0,True,129472518.3653,1465.67,1709.95,1954.23,2198.51,2687.07,3175.63,3664.18,4397.02
E09000003,Barnet,ENGLAND,2132.6,3420.0,9570.0,32530.0,39640.0,33920.0,20370.0,16820.0,4350.0,,160620.0,True,339539499.162,1421.73,1658.69,1895.64,2132.60,2606.51,3080.42,3554.33,4265.20
E09000004,Bexley,ENGLAND,2366.36,4350.0,11380.0,31230.0,28140.0,19550.0,5290.0,1750.0,50.0,,101750.0,True,206446665.3644,1577.57,1840.50,2103.43,2366.36,2892.22,3418.08,3943.93,4732.72
E09000005,Brent,ENGLAND,2235.27,6090.0,14040.0,41900.0,39340.0,23430.0,6590.0,3460.0,250.0,,135110.0,True,251602952.3661,1490.18,1738.54,1986.91,2235.27,2732.00,3228.72,3725.45,4470.54
E09000006,Bromley,ENGLAND,2140.04,2100.0,10590.0,30460.0,36460.0,29550.0,18580.0,14120.0,1750.0,,143600.0,True,304871061.41800004,1426.69,1664.48,1902.26,2140.04,2615.60,3091.17,3566.73,4280.08
E09000007,Camden,ENGLAND,2207.55,3380.0,12270.0,20780.0,26560.0,19820.0,12950.0,13140.0,4940.0,,113830.0,True,220511198.178,1471.70,1716.98,1962.27,2207.55,2698.12,3188.68,3679.25,4415.10
E09000008,Croydon,ENGLAND,2599.91,4450.0,24400.0,52850.0,42340.0,24140.0,11860.0,7520.0,660.0,,168220.0,True,368973637.3935,1733.27,2022.15,2311.03,2599.91,3177.67,3755.43,4333.18,5199.82
E09000009,Ealing,ENGLAND,2138.53,5200.0,14970.0,36980.0,48680.0,25200.0,10520.0,7200.0,1060.0,,149800.0,True,274136385.72010005,1425.69,1663.30,1900.92,2138.53,2613.76,3088.99,3564.22,4277.06
E09000010,Enfield,ENGLAND,2267.67,5420.0,12400.0,35190.0,37170.0,21550.0,9590.0,6050.0,1020.0,,128400.0,True,250144478.0601,1511.78,1763.74,2015.71,2267.67,2771.60,3275.52,3779.45,4535.34
E09000011,Greenwich,ENGLAND,2107.86,10790.0,22200.0,45460.0,27100.0,12850.0,4010.0,2280.0,360.0,,125040.0,True,204263058.6012,1405.24,1639.45,1873.65,2107.86,2576.27,3044.69,3513.10,4215.72
E09000012,Hackney,ENGLAND,2060.3,8170.0,31670.0,35990.0,25200.0,13500.0,4950.0,1320.0,50.0,,120850.0,True,174558361.219,1373.53,1602.46,1831.38,2060.30,2518.14,2975.99,3433.83,4120.60
E09000013,Hammersmith and Fulham,ENGLAND,1519.51,4120.0,6630.0,14510.0,25920.0,17400.0,11330.0,12270.0,2940.0,,95120.0,True,141718057.4413,1013.01,1181.84,1350.68,1519.51,1857.18,2194.85,2532.52,3039.02
E09000014,Haringey,ENGLAND,2313.78,7700.0,19400.0,36160.0,28640.0,11700.0,5540.0,4800.0,750.0,,114700.0,True,202145101.8972,1542.52,1799.61,2056.69,2313.78,2827.95,3342.13,3856.30,4627.56
E09000015,Harrow,ENGLAND,2511.07,840.0,4470.0,22800.0,30020.0,22620.0,8550.0,6220.0,1320.0,,96860.0,True,232407940.58450004,1674.05,1953.05,2232.06,2511.07,3069.09,3627.10,4185.12,5022.14
E09000016,Havering,ENGLAND,2424.66,5300.0,11080.0,29790.0,36200.0,16040.0,6770.0,3140.0,380.0,,108680.0,True,228206356.3206,1616.44,1885.85,2155.25,2424.66,2963.47,3502.29,4041.10,4849.32
E09000017,Hillingdon,ENGLAND,2045.46,1270.0,6550.0,28300.0,47450.0,18810.0,10050.0,5340.0,490.0,,118260.0,True,217533341.451,1363.64,1590.91,1818.19,2045.46,2500.01,2954.55,3409.10,4090.92
E09000018,Hounslow,ENGLAND,2185.56,2560.0,9560.0,30620.0,40720.0,16350.0,6370.0,4120.0,1030.0,,111320.0,True,208959599.4408,1457.04,1699.88,1942.72,2185.56,2671.24,3156.92,3642.60,4371.12
E09000019,Islington,ENGLAND,2108.15,4660.0,6180.0,29760.0,33560.0,19520.0,10380.0,7300.0,960.0,,112320.0,True,181931110.361,1405.43,1639.67,1873.91,2108.15,2576.63,3045.11,3513.58,4216.30
E09000020,Kensington and Chelsea,ENGLAND,1666.65,1460.0,3310.0,9370.0,14110.0,13410.0,12210.0,19930.0,15480.0,,89280.0,True,171780148.848,1111.10,1296.28,1481.47,1666.65,2037.02,2407.38,2777.75,3333.30
E09000021,Kingston upon Thames,ENGLAND,2609.2,630.0,3420.0,16020.0,21010.0,15050.0,8770.0,4460.0,1080.0,,70440.0,True,178293341.644,1739.47,2029.38,2319.29,2609.20,3189.02,3768.84,4348.67,5218.40
E09000022,Lambeth,ENGLAND,2047.11,5020.0,33450.0,42330.0,33160.0,16550.0,10820.0,5960.0,1180.0,,148470.0,True,245763600.6423,1364.74,1592.20,1819.65,2047.11,2502.02,2956.94,3411.85,4094.22
E09000023,Lewisham,ENGLAND,2237.33,9280.0,36440.0,48040.0,27670.0,8060.0,2820.0,1360.0,190.0,,133860.0,True,218508185.6243,1491.55,1740.15,1988.74,2237.33,2734.51,3231.70,3728.88,4474.66
E09000024,Merton,ENGLAND,2146.76,1190.0,8590.0,24140.0,28360.0,13540.0,5940.0,4180.0,1850.0,,87780.0,True,175588523.8184,1431.17,1669.70,1908.23,2146.76,2623.82,3100.88,3577.93,4293.52
E09000025,Newham,ENGLAND,1944.23,5570.0,34340.0,56120.0,26900.0,7220.0,2210.0,240.0,40.0,,132640.0,True,188163726.4957,1296.15,1512.18,1728.20,1944.23,2376.28,2808.33,3240.38,3888.46
E09000026,Redbridge,ENGLAND,2294.58,2790.0,14100.0,27920.0,32140.0,19750.0,7820.0,3320.0,220.0,,108060.0,True,220890933.1662,1529.72,1784.67,2039.63,2294.58,2804.49,3314.39,3824.30,4589.16
E09000027,Richmond upon Thames,ENGLAND,2486.1,600.0,2180.0,13480.0,20700.0,19770.0,12160.0,13290.0,3640.0,,85810.0,True,227971988.904,1657.40,1933.63,2209.87,2486.10,3038.57,3591.03,4143.50,4972.20
E09000028,Southwark,ENGLAND,1967.26,13220.0,38050.0,35710.0,28440.0,21540.0,7920.0,4590.0,830.0,,150300.0,True,227093195.8654,1311.51,1530.09,1748.68,1967.26,2404.43,2841.60,3278.77,3934.52
E09000029,Sutton,ENGLAND,2378.64,990.0,8050.0,28300.0,24800.0,12950.0,7110.0,3780.0,290.0,,86270.0,True,183237343.08,1585.76,1850.05,2114.35,2378.64,2907.23,3435.81,3964.40,4757.28
E09000030,Tower Hamlets,ENGLAND,1837.78,4500.0,25040.0,40570.0,32250.0,27010.0,14280.0,5570.0,780.0,,150000.0,True,222040965.5338,1225.19,1429.38,1633.58,1837.78,2246.18,2654.57,3062.97,3675.56
E09000031,Waltham Forest,ENGLAND,2386.96,5230.0,32380.0,39150.0,23440.0,8390.0,1850.0,440.0,30.0,,110900.0,True,201084766.7584,1591.31,1856.52,2121.74,2386.96,2917.40,3447.83,3978.27,4773.92
E09000032,Wandsworth,ENGLAND,1028.21,6560.0,13280.0,37340.0,35080.0,26990.0,20450.0,15230.0,3040.0,,157970.0,True,156911704.16070002,685.47,799.72,913.96,1028.21,1256.70,1485.19,1713.68,2056.42
E09000033,Westminster,ENGLAND,1049.55,1660.0,6460.0,15690.0,23130.0,24460.0,19180.0,24500.0,17190.0,,132280.0,True,170747374.67849997,699.70,816.32,932.93,1049.55,1282.78,1516.02,1749.25,2099.10
N09000001,Antrim and Newtownabbey,NORTHERN_IRELAND,,,,,,,,,,,,False,,,,,,,,,
N09000002,"Armagh City, Banbridge and Craigavon",NORTHERN_IRELAND,,,,,,,,,,,,False,,,,,,,,,
N09000003,Belfast,NORTHERN_IRELAND,,,,,,,,,,,,False,,,,,,,,,
N09000004,Causeway Coast and Glens,NORTHERN_IRELAND,,,,,,,,,,,,False,,,,,,,,,
N09000005,Derry City and Strabane,NORTHERN_IRELAND,,,,,,,,,,,,False,,,,,,,,,
N09000006,Fermanagh and Omagh,NORTHERN_IRELAND,,,,,,,,,,,,False,,,,,,,,,
N09000007,Lisburn and Castlereagh,NORTHERN_IRELAND,,,,,,,,,,,,False,,,,,,,,,
N09000008,Mid and East Antrim,NORTHERN_IRELAND,,,,,,,,,,,,False,,,,,,,,,
N09000009,Mid Ulster,NORTHERN_IRELAND,,,,,,,,,,,,False,,,,,,,,,
N09000010,"Newry, Mourne and Down",NORTHERN_IRELAND,,,,,,,,,,,,False,,,,,,,,,
S12000005,Clackmannanshire,SCOTLAND,1594.38,,,,,,,,,,,True,,,,,,,,,
S12000006,Dumfries and Galloway,SCOTLAND,1454.98,,,,,,,,,,,True,,,,,,,,,
S12000008,East Ayrshire,SCOTLAND,1606.44,,,,,,,,,,,True,,,,,,,,,
S12000010,East Lothian,SCOTLAND,1579.18,,,,,,,,,,,True,,,,,,,,,
S12000011,East Renfrewshire,SCOTLAND,1528.44,,,,,,,,,,,True,,,,,,,,,
S12000013,Na h-Eileanan Siar,SCOTLAND,1387.56,,,,,,,,,,,True,,,,,,,,,
S12000014,Falkirk,SCOTLAND,1576.77,,,,,,,,,,,True,,,,,,,,,
S12000017,Highland,SCOTLAND,1527.09,,,,,,,,,,,True,,,,,,,,,
S12000018,Inverclyde,SCOTLAND,1551.3,,,,,,,,,,,True,,,,,,,,,
S12000019,Midlothian,SCOTLAND,1666.2,,,,,,,,,,,True,,,,,,,,,
S12000020,Moray,SCOTLAND,1573.76,,,,,,,,,,,True,,,,,,,,,
S12000021,North Ayrshire,SCOTLAND,1553.77,,,,,,,,,,,True,,,,,,,,,
S12000023,Orkney Islands,SCOTLAND,1574.6,,,,,,,,,,,True,,,,,,,,,
S12000026,Scottish Borders,SCOTLAND,1491.72,,,,,,,,,,,True,,,,,,,,,
S12000027,Shetland Islands,SCOTLAND,1386.67,,,,,,,,,,,True,,,,,,,,,
S12000028,South Ayrshire,SCOTLAND,1569.41,,,,,,,,,,,True,,,,,,,,,
S12000029,South Lanarkshire,SCOTLAND,1378.85,,,,,,,,,,,True,,,,,,,,,
S12000030,Stirling,SCOTLAND,1611.78,,,,,,,,,,,True,,,,,,,,,
S12000033,Aberdeen City,SCOTLAND,1636.27,,,,,,,,,,,True,,,,,,,,,
S12000034,Aberdeenshire,SCOTLAND,1532.76,,,,,,,,,,,True,,,,,,,,,
S12000035,Argyll and Bute,SCOTLAND,1625.64,,,,,,,,,,,True,,,,,,,,,
S12000036,City of Edinburgh,SCOTLAND,1563.51,,,,,,,,,,,True,,,,,,,,,
S12000038,Renfrewshire,SCOTLAND,1572.61,,,,,,,,,,,True,,,,,,,,,
S12000039,West Dunbartonshire,SCOTLAND,1559.86,,,,,,,,,,,True,,,,,,,,,
S12000040,West Lothian,SCOTLAND,1515.45,,,,,,,,,,,True,,,,,,,,,
S12000041,Angus,SCOTLAND,1461.52,,,,,,,,,,,True,,,,,,,,,
S12000042,Dundee City,SCOTLAND,1605.34,,,,,,,,,,,True,,,,,,,,,
S12000045,East Dunbartonshire,SCOTLAND,1599.7,,,,,,,,,,,True,,,,,,,,,
S12000047,Fife,SCOTLAND,1498.76,,,,,,,,,,,True,,,,,,,,,
S12000048,Perth and Kinross,SCOTLAND,1537.04,,,,,,,,,,,True,,,,,,,,,
S12000049,Glasgow City,SCOTLAND,1611.0,,,,,,,,,,,True,,,,,,,,,
S12000050,North Lanarkshire,SCOTLAND,1452.86,,,,,,,,,,,True,,,,,,,,,
W06000001,Isle of Anglesey,WALES,2260.73,4960.0,6930.0,7210.0,7400.0,5540.0,2770.0,1080.0,170.0,60.0,36120.0,True,63114620.0,,,,,,,,
W06000002,Gwynedd,WALES,2468.77,9310.0,15800.0,12700.0,10720.0,8300.0,4030.0,1280.0,210.0,90.0,62440.0,True,119406313.0,,,,,,,,
W06000003,Conwy,WALES,2472.82,5460.0,8340.0,15610.0,11970.0,9300.0,5120.0,1940.0,430.0,160.0,58340.0,True,110610412.0,,,,,,,,
W06000004,Denbighshire,WALES,2339.03,4160.0,7420.0,14970.0,8050.0,5660.0,3920.0,2060.0,320.0,170.0,46720.0,True,82023146.0,,,,,,,,
W06000005,Flintshire,WALES,2376.17,4520.0,9640.0,20990.0,13400.0,11140.0,7830.0,3230.0,600.0,220.0,71570.0,True,131972546.99999999,,,,,,,,
W06000006,Wrexham,WALES,2308.88,4510.0,12770.0,17250.0,10350.0,8270.0,5190.0,2570.0,720.0,290.0,61910.0,True,104887499.37199569,,,,,,,,
W06000008,Ceredigion,WALES,2419.45,1780.0,5000.0,7730.0,7570.0,9180.0,3890.0,980.0,110.0,20.0,36260.0,True,70082599.0,,,,,,,,
W06000009,Pembrokeshire,WALES,2166.15,6730.0,9460.0,14520.0,11520.0,12550.0,6070.0,2120.0,340.0,100.0,63400.0,True,111301517.0,,,,,,,,
W06000010,Carmarthenshire,WALES,2351.2,9370.0,24550.0,18930.0,14700.0,13440.0,6700.0,2260.0,300.0,70.0,90310.0,True,151662184.0,,,,,,,,
W06000011,Swansea,WALES,2238.29,17730.0,28650.0,25020.0,17330.0,13200.0,8180.0,3880.0,1200.0,540.0,115730.0,True,177267464.0,,,,,,,,
W06000012,Neath Port Talbot,WALES,2541.39,13830.0,27500.0,11720.0,7430.0,4580.0,1530.0,540.0,110.0,20.0,67260.0,True,106279092.92000002,,,,,,,,
W06000013,Bridgend,WALES,2477.99,10600.0,15370.0,14840.0,11050.0,8020.0,4480.0,1510.0,300.0,110.0,66280.0,True,115651162.0,,,,,,,,
W06000014,Vale of Glamorgan,WALES,2231.54,1510.0,6680.0,14520.0,11910.0,10790.0,7740.0,5920.0,2270.0,1060.0,62400.0,True,118046914.0,,,,,,,,
W06000015,Cardiff,WALES,2013.18,5320.0,20420.0,34920.0,37370.0,31540.0,22250.0,10590.0,2850.0,1480.0,166750.0,True,250934240.0,,,,,,,,
W06000016,Rhondda Cynon Taf,WALES,2289.43,47080.0,25500.0,17510.0,9660.0,7140.0,3520.0,1190.0,200.0,70.0,111860.0,True,151783228.38,,,,,,,,
W06000018,Caerphilly,WALES,2082.88,15550.0,26890.0,18930.0,9540.0,6840.0,2430.0,840.0,90.0,80.0,81190.0,True,105324903.21000004,,,,,,,,
W06000019,Blaenau Gwent,WALES,2531.26,19200.0,8160.0,2730.0,1810.0,900.0,350.0,60.0,,20.0,33230.0,True,45129431.0,,,,,,,,
W06000020,Torfaen,WALES,2155.68,6300.0,13120.0,12050.0,4350.0,4330.0,2410.0,690.0,70.0,30.0,43340.0,True,60708353.0,,,,,,,,
W06000021,Monmouthshire,WALES,2416.5,520.0,3450.0,7140.0,9460.0,7660.0,8100.0,5520.0,1790.0,670.0,44300.0,True,98574346.0,,,,,,,,
W06000022,Newport,WALES,2088.48,6910.0,15400.0,18470.0,12990.0,8560.0,6090.0,2710.0,560.0,190.0,71880.0,True,107214282.0,,,,,,,,
W06000023,Powys,WALES,2351.72,6090.0,9440.0,13330.0,10630.0,12660.0,9740.0,4180.0,580.0,210.0,66870.0,True,129025924.0,,,,,,,,
W06000024,Merthyr Tydfil,WALES,2593.6,14150.0,6680.0,2270.0,2210.0,1560.0,580.0,160.0,,10.0,27620.0,True,41504016.0,,,,,,,,
