code,name,country,band_d_amount,count_band_A,count_band_B,count_band_C,count_band_D,count_band_E,count_band_F,count_band_G,count_band_H,count_band_I,total_dwellings,has_council_tax
E06000001,Hartlepool,ENGLAND,2560.20,24090.00,7830.00,6780.00,3630.00,2070.00,930.00,700.00,110.00,,46140.00,True
E06000002,Middlesbrough,ENGLAND,2549.16,33080.00,11550.00,11610.00,5620.00,2810.00,1040.00,600.00,50.00,,66360.00,True
E06000003,Redcar and Cleveland,ENGLAND,2544.48,26840.00,13800.00,14820.00,6090.00,3610.00,1070.00,420.00,30.00,,66660.00,True
E06000004,Stockton-on-Tees,ENGLAND,2589.83,34900.00,17560.00,16890.00,10400.00,6430.00,3000.00,1610.00,130.00,,90910.00,True
E06000005,Darlington,ENGLAND,2493.83,23160.00,11180.00,7800.00,5950.00,3590.00,1400.00,680.00,50.00,,53820.00,True
E06000006,Halton,ENGLAND,2366.61,27340.00,12760.00,8370.00,5230.00,3890.00,1270.00,360.00,40.00,,59260.00,True
E06000007,Warrington,ENGLAND,2447.61,27780.00,21410.00,19980.00,12400.00,7960.00,4900.00,2730.00,230.00,,97390.00,True
E06000008,Blackburn with Darwen,ENGLAND,2455.27,35860.00,9950.00,9010.00,4960.00,2780.00,840.00,580.00,70.00,,64050.00,True
E06000009,Blackpool,ENGLAND,2513.22,32210.00,21330.00,11480.00,4860.00,1950.00,580.00,250.00,30.00,,72700.00,True
E06000010,"Kingston upon Hull, City of",ENGLAND,2295.04,82540.00,24430.00,11440.00,4990.00,1410.00,320.00,60.00,40.00,,125230.00,True
E06000011,East Riding of Yorkshire,ENGLAND,2466.08,40330.00,38430.00,33140.00,25660.00,17380.00,7740.00,3440.00,300.00,,166420.00,True
E06000012,North East Lincolnshire,ENGLAND,2483.85,38690.00,18400.00,9390.00,5330.00,2520.00,980.00,510.00,60.00,,75880.00,True
E06000013,North Lincolnshire,ENGLAND,2348.46,35920.00,16440.00,11580.00,7850.00,4020.00,1720.00,550.00,30.00,,78110.00,True
E06000014,York,ENGLAND,2287.15,13150.00,25560.00,27300.00,13880.00,8030.00,3830.00,1930.00,140.00,,93800.00,True
E06000015,Derby,ENGLAND,2306.00,58500.00,22270.00,17230.00,8900.00,4850.00,2340.00,710.00,50.00,,114860.00,True
E06000016,Leicester,ENGLAND,2528.75,86990.00,28270.00,16960.00,7340.00,3570.00,1590.00,620.00,60.00,,145410.00,True
E06000017,Rutland,ENGLAND,2737.58,1750.00,4890.00,3340.00,2570.00,2400.00,1690.00,1360.00,170.00,,18160.00,True
E06000018,Nottingham,ENGLAND,2755.39,92180.00,25740.00,17180.00,7790.00,2660.00,1120.00,760.00,120.00,,147540.00,True
E06000019,"Herefordshire, County of",ENGLAND,2574.37,14040.00,20630.00,17710.00,13820.00,12660.00,7680.00,3800.00,190.00,,90520.00,True
E06000020,Telford and Wrekin,ENGLAND,2256.26,26960.00,22860.00,14900.00,10050.00,5870.00,2570.00,1210.00,60.00,,84480.00,True
E06000021,Stoke-on-Trent,ENGLAND,2183.12,70450.00,25560.00,15880.00,5100.00,1980.00,560.00,200.00,40.00,,119780.00,True
E06000022,Bath and North East Somerset,ENGLAND,2383.42,9370.00,19630.00,21290.00,14500.00,10460.00,5980.00,5210.00,460.00,,86890.00,True
E06000023,"Bristol, City of",ENGLAND,2713.68,56890.00,76330.00,41320.00,19900.00,10120.00,4940.00,2900.00,360.00,,212750.00,True
E06000024,North Somerset,ENGLAND,2491.22,13940.00,22140.00,23810.00,18060.00,13390.00,6880.00,3470.00,290.00,,101970.00,True
E06000025,South Gloucestershire,ENGLAND,2550.59,14480.00,37160.00,30510.00,24250.00,13700.00,6630.00,2210.00,200.00,,129130.00,True
E06000026,Plymouth,ENGLAND,2441.85,48160.00,33380.00,23670.00,10310.00,5250.00,1890.00,620.00,60.00,,123360.00,True
E06000027,Torbay,ENGLAND,2470.25,13790.00,17850.00,17180.00,10750.00,5450.00,2420.00,1290.00,140.00,,68860.00,True
E06000030,Swindon,ENGLAND,2438.10,15190.00,28070.00,25270.00,18530.00,9640.00,4020.00,1500.00,70.00,,102290.00,True
E06000031,Peterborough,ENGLAND,2293.47,35930.00,22730.00,15460.00,9010.00,4930.00,2030.00,1070.00,80.00,,91240.00,True
E06000032,Luton,ENGLAND,2439.93,21520.00,28100.00,22860.00,8000.00,3520.00,1130.00,290.00,30.00,,85450.00,True
E06000033,Southend-on-Sea,ENGLAND,2265.17,17170.00,16180.00,24770.00,12900.00,6820.00,3710.00,1640.00,130.00,,83310.00,True
E06000034,Thurrock,ENGLAND,2254.68,7540.00,14110.00,27720.00,12800.00,4860.00,2320.00,890.00,60.00,,70300.00,True
E06000035,Medway,ENGLAND,2328.55,11470.00,38870.00,35530.00,19470.00,10230.00,4420.00,1560.00,60.00,,121600.00,True
E06000036,Bracknell Forest,ENGLAND,2264.80,1650.00,5660.00,19880.00,10500.00,8670.00,5450.00,2690.00,310.00,,54820.00,True
E06000037,West Berkshire,ENGLAND,2505.37,2750.00,7290.00,20500.00,17840.00,10950.00,7120.00,4880.00,780.00,,72100.00,True
E06000038,Reading,ENGLAND,2612.77,7270.00,14990.00,31530.00,12220.00,5920.00,3390.00,1910.00,100.00,,77330.00,True
E06000039,Slough,ENGLAND,2414.44,1560.00,10950.00,24390.00,13670.00,4700.00,1730.00,360.00,10.00,,57370.00,True
E06000040,Windsor and Maidenhead,ENGLAND,1952.62,2140.00,4110.00,10700.00,16670.00,13590.00,8410.00,9970.00,2020.00,,67610.00,True
E06000041,Wokingham,ENGLAND,2497.70,2030.00,4250.00,12130.00,21120.00,17040.00,11160.00,6830.00,570.00,,75140.00,True
E06000042,Milton Keynes,ENGLAND,2372.21,18060.00,35810.00,32280.00,16440.00,13300.00,7180.00,3240.00,180.00,,126480.00,True
E06000043,Brighton and Hove,ENGLAND,2580.54,30090.00,30490.00,35410.00,20470.00,11720.00,4830.00,2840.00,220.00,,136070.00,True
E06000044,Portsmouth,ENGLAND,2291.71,27460.00,31800.00,22440.00,6280.00,3790.00,1660.00,660.00,60.00,,94150.00,True
E06000045,Southampton,ENGLAND,2381.48,36920.00,35880.00,23760.00,9790.00,3200.00,1420.00,450.00,30.00,,111450.00,True
E06000046,Isle of Wight,ENGLAND,2625.79,10650.00,18690.00,18000.00,13460.00,7340.00,3290.00,1570.00,150.00,,73150.00,True
E06000047,County Durham,ENGLAND,2622.15,144190.00,36650.00,32590.00,23630.00,11500.00,4490.00,2310.00,280.00,,255650.00,True
E06000049,Cheshire East,ENGLAND,2454.87,31710.00,39250.00,37540.00,28220.00,23520.00,15410.00,13130.00,2010.00,,190790.00,True
E06000050,Cheshire West and Chester,ENGLAND,2517.33,35320.00,39140.00,33010.00,22530.00,17600.00,10540.00,8110.00,640.00,,166880.00,True
E06000051,Shropshire,ENGLAND,2528.18,27440.00,38890.00,31760.00,22070.00,17630.00,9370.00,4830.00,360.00,,152340.00,True
E06000052,Cornwall,ENGLAND,2590.93,66210.00,73220.00,61520.00,45030.00,26830.00,9650.00,4430.00,450.00,,287330.00,True
E06000053,Isles of Scilly,ENGLAND,2047.96,10.00,40.00,110.00,270.00,330.00,270.00,130.00,10.00,,1170.00,True
E06000054,Wiltshire,ENGLAND,2571.78,27030.00,42950.00,58820.00,41200.00,31680.00,18490.00,11570.00,1370.00,,233110.00,True
E06000055,Bedford,ENGLAND,2471.74,10800.00,19080.00,20170.00,12480.00,8960.00,5790.00,3290.00,250.00,,80820.00,True
E06000056,Central Bedfordshire,ENGLAND,2516.16,11290.00,25640.00,36860.00,26700.00,17800.00,10200.00,5700.00,410.00,,134600.00,True
E06000057,Northumberland,ENGLAND,2596.94,70860.00,26550.00,21800.00,18410.00,12210.00,7600.00,4550.00,590.00,,162560.00,True
E06000058,"Bournemouth, Christchurch and Poole",ENGLAND,2435.58,26730.00,34610.00,54390.00,36070.00,21890.00,9450.00,5820.00,1310.00,,190260.00,True
E06000059,Dorset,ENGLAND,2765.02,20840.00,31970.00,43430.00,37400.00,28890.00,16160.00,8230.00,740.00,,187640.00,True
E06000060,Buckinghamshire,ENGLAND,2526.58,6970.00,26310.00,54560.00,47150.00,36730.00,29170.00,31530.00,6160.00,,238580.00,True
E06000061,North Northamptonshire,ENGLAND,2423.96,48480.00,42960.00,29500.00,18750.00,12750.00,5530.00,3060.00,280.00,,161300.00,True
E06000062,West Northamptonshire,ENGLAND,2486.66,38700.00,41080.00,46110.00,24480.00,17970.00,10680.00,6520.00,490.00,,186010.00,True
E06000063,Cumberland,ENGLAND,2511.32,64010.00,25940.00,20470.00,15630.00,8470.00,2980.00,980.00,80.00,,138560.00,True
E06000064,Westmorland and Furness,ENGLAND,2507.99,29300.00,24520.00,23280.00,17770.00,12750.00,6480.00,3440.00,340.00,,117860.00,True
E06000065,North Yorkshire,ENGLAND,2544.34,48920.00,65620.00,70150.00,46130.00,37890.00,22340.00,14070.00,1310.00,,306440.00,True
E06000066,Somerset,ENGLAND,2560.59,43360.00,72220.00,59900.00,40390.00,31050.00,16940.00,7820.00,520.00,,272210.00,True
E07000008,Cambridge,ENGLAND,2467.02,4420.00,11090.00,20890.00,10610.00,6060.00,3990.00,3270.00,510.00,,60840.00,True
E07000009,East Cambridgeshire,ENGLAND,2485.18,5000.00,11670.00,8580.00,7610.00,5110.00,2460.00,820.00,90.00,,41350.00,True
E07000010,Fenland,ENGLAND,2537.74,17450.00,13190.00,9030.00,4960.00,2520.00,710.00,190.00,30.00,,48060.00,True
E07000011,Huntingdonshire,ENGLAND,2556.40,12600.00,21820.00,19420.00,12970.00,10360.00,4490.00,2010.00,180.00,,83840.00,True
E07000012,South Cambridgeshire,ENGLAND,2536.25,2780.00,8620.00,22500.00,13830.00,12340.00,8670.00,4900.00,420.00,,74060.00,True
E07000032,Amber Valley,ENGLAND,2407.69,22980.00,12960.00,11020.00,7050.00,3630.00,1940.00,1550.00,140.00,,61270.00,True
E07000033,Bolsover,ENGLAND,2559.41,22440.00,6910.00,4880.00,3040.00,1150.00,350.00,150.00,20.00,,38940.00,True
E07000034,Chesterfield,ENGLAND,2339.49,27100.00,10630.00,6530.00,4070.00,2150.00,620.00,220.00,30.00,,51350.00,True
E07000035,Derbyshire Dales,ENGLAND,2444.70,3680.00,7630.00,7720.00,5850.00,5290.00,3300.00,2170.00,140.00,,35770.00,True
E07000036,Erewash,ENGLAND,2360.64,22010.00,14290.00,7900.00,5080.00,2430.00,920.00,530.00,40.00,,53190.00,True
E07000037,High Peak,ENGLAND,2384.66,8670.00,13380.00,9510.00,5120.00,4100.00,2200.00,860.00,50.00,,43890.00,True
E07000038,North East Derbyshire,ENGLAND,2466.57,19260.00,10030.00,8200.00,5700.00,3300.00,1630.00,900.00,70.00,,49080.00,True
E07000039,South Derbyshire,ENGLAND,2339.61,11910.00,11780.00,9770.00,8370.00,5700.00,2430.00,1020.00,100.00,,51070.00,True
E07000040,East Devon,ENGLAND,2595.46,6860.00,14150.00,17830.00,13670.00,11400.00,6700.00,4270.00,210.00,,75100.00,True
E07000041,Exeter,ENGLAND,2495.36,13480.00,15450.00,14560.00,10030.00,4570.00,2220.00,1020.00,50.00,,61380.00,True
E07000042,Mid Devon,ENGLAND,2656.41,6550.00,9380.00,7290.00,6700.00,5010.00,2640.00,980.00,60.00,,38610.00,True
E07000043,North Devon,ENGLAND,2642.21,10450.00,11830.00,10620.00,8670.00,5100.00,2040.00,640.00,50.00,,49400.00,True
E07000044,South Hams,ENGLAND,2615.22,5360.00,9100.00,9570.00,8500.00,7590.00,4140.00,3200.00,380.00,,47840.00,True
E07000045,Teignbridge,ENGLAND,2643.12,9080.00,14740.00,14520.00,12280.00,8610.00,4110.00,2060.00,120.00,,65510.00,True
E07000046,Torridge,ENGLAND,2601.42,8460.00,7500.00,7340.00,6150.00,3520.00,1210.00,390.00,30.00,,34600.00,True
E07000047,West Devon,ENGLAND,2705.33,3640.00,6760.00,5760.00,4560.00,3710.00,1920.00,1050.00,80.00,,27470.00,True
E07000061,Eastbourne,ENGLAND,2654.28,8870.00,13370.00,10980.00,8760.00,4600.00,2070.00,1130.00,90.00,,49870.00,True
E07000062,Hastings,ENGLAND,2676.58,14990.00,12520.00,7810.00,5800.00,2350.00,860.00,200.00,40.00,,44570.00,True
E07000063,Lewes,ENGLAND,2756.17,4510.00,6410.00,13850.00,10360.00,6260.00,3300.00,2420.00,250.00,,47360.00,True
E07000064,Rother,ENGLAND,2700.95,5050.00,7420.00,10230.00,9430.00,7690.00,4110.00,2770.00,280.00,,46970.00,True
E07000065,Wealden,ENGLAND,2728.43,4360.00,8470.00,17900.00,16070.00,12010.00,8130.00,7340.00,950.00,,75240.00,True
E07000066,Basildon,ENGLAND,2327.24,9100.00,16310.00,24750.00,14900.00,7930.00,4900.00,2080.00,200.00,,80160.00,True
E07000067,Braintree,ENGLAND,2280.34,6240.00,17650.00,20390.00,10900.00,8240.00,4990.00,2500.00,230.00,,71150.00,True
E07000068,Brentwood,ENGLAND,2258.14,690.00,3080.00,6950.00,8900.00,6470.00,4620.00,4060.00,660.00,,35420.00,True
E07000069,Castle Point,ENGLAND,2318.63,3370.00,6440.00,13880.00,8710.00,4480.00,1920.00,770.00,70.00,,39630.00,True
E07000070,Chelmsford,ENGLAND,2300.18,5180.00,10960.00,23980.00,18540.00,11460.00,6610.00,4590.00,450.00,,81760.00,True
E07000071,Colchester,ENGLAND,2282.85,9600.00,23120.00,21170.00,16230.00,9320.00,4310.00,2600.00,170.00,,86520.00,True
E07000072,Epping Forest,ENGLAND,2277.21,2120.00,5220.00,12060.00,14210.00,10280.00,7130.00,6320.00,1260.00,,58610.00,True
E07000073,Harlow,ENGLAND,2298.69,2620.00,8360.00,19630.00,5240.00,3070.00,1180.00,450.00,20.00,,40560.00,True
E07000074,Maldon,ENGLAND,2328.37,2480.00,3980.00,8640.00,5690.00,4710.00,3180.00,1700.00,190.00,,30560.00,True
E07000075,Rochford,ENGLAND,2363.48,1580.00,4080.00,12110.00,10890.00,5350.00,2800.00,1450.00,80.00,,38340.00,True
E07000076,Tendring,ENGLAND,2269.63,13840.00,18040.00,22070.00,12380.00,6120.00,2160.00,980.00,90.00,,75690.00,True
E07000077,Uttlesford,ENGLAND,2333.82,1430.00,4180.00,8770.00,8080.00,7610.00,5310.00,4960.00,460.00,,40790.00,True
E07000078,Cheltenham,ENGLAND,2369.52,9990.00,13530.00,14150.00,9450.00,5270.00,2800.00,2210.00,150.00,,57560.00,True
E07000079,Cotswold,ENGLAND,2391.65,3710.00,5430.00,11550.00,7770.00,6740.00,5310.00,4950.00,780.00,,46250.00,True
E07000080,Forest of Dean,ENGLAND,2443.42,7210.00,10410.00,9230.00,6150.00,4670.00,2190.00,1040.00,80.00,,40980.00,True
E07000081,Gloucester,ENGLAND,2355.84,17700.00,16980.00,14340.00,6110.00,3880.00,930.00,180.00,10.00,,60130.00,True
E07000082,Stroud,ENGLAND,2491.36,7630.00,13050.00,13150.00,8640.00,7320.00,4230.00,2660.00,260.00,,56940.00,True
E07000083,Tewkesbury,ENGLAND,2340.53,7060.00,7130.00,13060.00,6790.00,6070.00,3780.00,2130.00,210.00,,46230.00,True
E07000084,Basingstoke and Deane,ENGLAND,2255.21,2620.00,13300.00,28100.00,15490.00,11350.00,6790.00,3570.00,460.00,,81690.00,True
E07000085,East Hampshire,ENGLAND,2343.92,3080.00,6360.00,13430.00,11590.00,9270.00,6950.00,5160.00,670.00,,56500.00,True
E07000086,Eastleigh,ENGLAND,2342.21,4710.00,12600.00,19810.00,11260.00,8190.00,3510.00,1210.00,30.00,,61320.00,True
E07000087,Fareham,ENGLAND,2270.55,3640.00,7390.00,15710.00,10880.00,8130.00,3720.00,1530.00,140.00,,51150.00,True
E07000088,Gosport,ENGLAND,2344.29,6170.00,13380.00,9230.00,5170.00,2010.00,1570.00,330.00,20.00,,37880.00,True
E07000089,Hart,ENGLAND,2400.02,780.00,2600.00,10120.00,9720.00,8280.00,7220.00,4050.00,260.00,,43030.00,True
E07000090,Havant,ENGLAND,2320.28,8610.00,14860.00,13770.00,10550.00,5950.00,2590.00,990.00,50.00,,57380.00,True
E07000091,New Forest,ENGLAND,2419.76,7330.00,12250.00,18260.00,19460.00,13700.00,7220.00,4700.00,620.00,,83540.00,True
E07000092,Rushmoor,ENGLAND,2320.28,1500.00,9090.00,16950.00,9310.00,4250.00,1320.00,330.00,20.00,,42770.00,True
E07000093,Test Valley,ENGLAND,2305.52,3120.00,10040.00,15600.00,11420.00,8800.00,5320.00,3950.00,560.00,,58810.00,True
E07000094,Winchester,ENGLAND,2359.76,3050.00,7530.00,13750.00,11310.00,9190.00,7180.00,6020.00,750.00,,58770.00,True
E07000095,Broxbourne,ENGLAND,2306.43,590.00,3820.00,9960.00,14530.00,7880.00,3010.00,2350.00,230.00,,42360.00,True
E07000096,Dacorum,ENGLAND,2408.51,1240.00,8300.00,20760.00,16240.00,9420.00,5860.00,5260.00,850.00,,67930.00,True
E07000098,Hertsmere,ENGLAND,2405.83,820.00,3090.00,7450.00,14980.00,8990.00,4640.00,4750.00,1230.00,,45940.00,True
E07000099,North Hertfordshire,ENGLAND,2448.52,3450.00,9440.00,20320.00,10450.00,7490.00,4900.00,3630.00,360.00,,60020.00,True
E07000102,Three Rivers,ENGLAND,2422.31,890.00,2430.00,6980.00,10030.00,7560.00,4470.00,5170.00,1630.00,,39150.00,True
E07000103,Watford,ENGLAND,2446.70,470.00,4490.00,16000.00,14260.00,3890.00,2220.00,1930.00,80.00,,43350.00,True
E07000105,Ashford,ENGLAND,2410.16,4380.00,13910.00,13710.00,10220.00,7120.00,6220.00,3570.00,220.00,,59350.00,True
E07000106,Canterbury,ENGLAND,2419.33,7760.00,14100.00,21250.00,14160.00,7950.00,4210.00,2320.00,120.00,,71860.00,True
E07000107,Dartford,ENGLAND,2375.15,1750.00,6830.00,15370.00,14590.00,7750.00,3030.00,1120.00,70.00,,50510.00,True
E07000108,Dover,ENGLAND,2461.74,7300.00,17350.00,14600.00,7750.00,4650.00,2580.00,1590.00,80.00,,55890.00,True
E07000109,Gravesham,ENGLAND,2408.24,3680.00,7050.00,15260.00,10970.00,4780.00,2130.00,1100.00,110.00,,45070.00,True
E07000110,Maidstone,ENGLAND,2502.59,4520.00,9570.00,21210.00,20600.00,10980.00,6610.00,4720.00,390.00,,78600.00,True
E07000111,Sevenoaks,ENGLAND,2522.36,1910.00,3480.00,11660.00,12160.00,7730.00,6170.00,7990.00,1550.00,,52660.00,True
E07000112,Folkestone and Hythe,ENGLAND,2538.75,7190.00,13030.00,14680.00,8720.00,5280.00,2790.00,1980.00,100.00,,53780.00,True
E07000113,Swale,ENGLAND,2405.65,10400.00,16590.00,17920.00,12190.00,6130.00,2820.00,1310.00,120.00,,67470.00,True
E07000114,Thanet,ENGLAND,2490.90,16400.00,20220.00,18390.00,8250.00,4210.00,1660.00,840.00,40.00,,70010.00,True
E07000115,Tonbridge and Malling,ENGLAND,2471.83,1770.00,4080.00,16220.00,14410.00,9650.00,5570.00,5100.00,470.00,,57270.00,True
E07000116,Tunbridge Wells,ENGLAND,2446.15,3500.00,5440.00,14220.00,11090.00,7180.00,5240.00,5620.00,620.00,,52900.00,True
E07000117,Burnley,ENGLAND,2549.42,25800.00,5850.00,6530.00,3080.00,1350.00,340.00,130.00,20.00,,43090.00,True
E07000118,Chorley,ENGLAND,2430.23,15200.00,12200.00,9810.00,7020.00,5490.00,2390.00,1050.00,70.00,,53230.00,True
E07000119,Fylde,ENGLAND,2483.94,7180.00,7030.00,9690.00,7560.00,5420.00,2960.00,1690.00,140.00,,41680.00,True
E07000120,Hyndburn,ENGLAND,2465.98,21980.00,5870.00,5900.00,2870.00,870.00,280.00,170.00,10.00,,37960.00,True
E07000121,Lancaster,ENGLAND,2503.19,23600.00,16510.00,12830.00,6740.00,4270.00,2130.00,870.00,80.00,,67020.00,True
E07000122,Pendle,ENGLAND,2640.18,25170.00,4850.00,4640.00,3500.00,1890.00,1030.00,550.00,40.00,,41660.00,True
E07000123,Preston,ENGLAND,2575.74,31000.00,13610.00,11260.00,7490.00,3750.00,2130.00,1080.00,70.00,,70390.00,True
E07000124,Ribble Valley,ENGLAND,2386.50,3900.00,5620.00,5810.00,5100.00,4310.00,2680.00,2050.00,240.00,,29700.00,True
E07000125,Rossendale,ENGLAND,2519.97,16480.00,5250.00,4430.00,3460.00,2040.00,720.00,470.00,40.00,,32890.00,True
E07000126,South Ribble,ENGLAND,2442.66,10130.00,13620.00,13130.00,8660.00,4510.00,1770.00,610.00,30.00,,52470.00,True
E07000127,West Lancashire,ENGLAND,2456.23,14980.00,9760.00,10530.00,7650.00,5430.00,2690.00,1700.00,110.00,,52850.00,True
E07000128,Wyre,ENGLAND,2460.53,12060.00,12580.00,13420.00,7900.00,6050.00,2760.00,1150.00,80.00,,55980.00,True
E07000129,Blaby,ENGLAND,2490.22,5040.00,15700.00,10280.00,6940.00,4640.00,1660.00,550.00,40.00,,44840.00,True
E07000130,Charnwood,ENGLAND,2405.64,13340.00,22020.00,19430.00,11510.00,7600.00,3430.00,2070.00,230.00,,79620.00,True
E07000131,Harborough,ENGLAND,2389.87,4750.00,9770.00,8640.00,7110.00,7400.00,4120.00,2840.00,260.00,,44900.00,True
E07000132,Hinckley and Bosworth,ENGLAND,2382.62,8930.00,16590.00,11540.00,7590.00,4630.00,2350.00,1160.00,70.00,,52840.00,True
E07000133,Melton,ENGLAND,2429.67,3700.00,7790.00,4100.00,4050.00,2690.00,1640.00,1050.00,90.00,,25110.00,True
E07000134,North West Leicestershire,ENGLAND,2418.20,10270.00,14790.00,8280.00,7300.00,5420.00,2050.00,990.00,60.00,,49150.00,True
E07000135,Oadby and Wigston,ENGLAND,2406.85,4150.00,6340.00,7340.00,3290.00,2200.00,650.00,490.00,90.00,,24560.00,True
E07000136,Boston,ENGLAND,2308.73,15550.00,6610.00,6240.00,2390.00,880.00,240.00,80.00,20.00,,31990.00,True
E07000137,East Lindsey,ENGLAND,2275.88,28110.00,15500.00,16290.00,6970.00,3790.00,1490.00,610.00,60.00,,72820.00,True
E07000138,Lincoln,ENGLAND,2323.08,28930.00,9140.00,4950.00,2570.00,1440.00,530.00,140.00,40.00,,47750.00,True
E07000139,North Kesteven,ENGLAND,2337.81,14220.00,14110.00,13430.00,7480.00,3840.00,1680.00,430.00,60.00,,55250.00,True
E07000140,South Holland,ENGLAND,2278.20,16760.00,9810.00,10700.00,4790.00,2150.00,450.00,120.00,20.00,,44790.00,True
E07000141,South Kesteven,ENGLAND,2260.00,20100.00,15530.00,11790.00,9650.00,6080.00,3130.00,1130.00,110.00,,67510.00,True
E07000142,West Lindsey,ENGLAND,2354.25,17270.00,8670.00,8200.00,6290.00,3970.00,1690.00,550.00,70.00,,46710.00,True
E07000143,Breckland,ENGLAND,2443.67,16260.00,18480.00,14810.00,8550.00,5040.00,1910.00,830.00,60.00,,65950.00,True
E07000144,Broadland,ENGLAND,2437.78,5060.00,16080.00,21850.00,10660.00,5650.00,2370.00,880.00,100.00,,62650.00,True
E07000145,Great Yarmouth,ENGLAND,2414.41,20910.00,12800.00,9080.00,4480.00,2020.00,640.00,260.00,20.00,,50210.00,True
E07000146,King's Lynn and West Norfolk,ENGLAND,2430.13,24670.00,17970.00,13850.00,10010.00,5410.00,2790.00,1220.00,120.00,,76030.00,True
E07000147,North Norfolk,ENGLAND,2459.93,12190.00,14640.00,11880.00,9220.00,5130.00,2460.00,1100.00,90.00,,56700.00,True
E07000148,Norwich,ENGLAND,2503.44,28590.00,23800.00,9090.00,3760.00,2360.00,930.00,610.00,70.00,,69220.00,True
E07000149,South Norfolk,ENGLAND,2482.87,7340.00,18430.00,16780.00,11990.00,7950.00,3400.00,1580.00,120.00,,67590.00,True
E07000170,Ashfield,ENGLAND,2608.76,30290.00,11920.00,9110.00,4460.00,1560.00,520.00,130.00,30.00,,58020.00,True
E07000171,Bassetlaw,ENGLAND,2644.95,28230.00,9040.00,7100.00,7070.00,3530.00,1720.00,740.00,60.00,,57490.00,True
E07000172,Broxtowe,ENGLAND,2618.21,16870.00,13610.00,11200.00,6230.00,2840.00,840.00,510.00,30.00,,52130.00,True
E07000173,Gedling,ENGLAND,2609.55,14900.00,15650.00,10760.00,7070.00,4390.00,1500.00,950.00,100.00,,55320.00,True
E07000174,Mansfield,ENGLAND,2600.38,27850.00,9960.00,7030.00,4250.00,1770.00,470.00,210.00,30.00,,51550.00,True
E07000175,Newark and Sherwood,ENGLAND,2682.10,24260.00,8980.00,9640.00,6640.00,4570.00,2810.00,1530.00,140.00,,58560.00,True
E07000176,Rushcliffe,ENGLAND,2643.27,6420.00,11430.00,12090.00,10200.00,7720.00,4640.00,2720.00,150.00,,55380.00,True
E07000177,Cherwell,ENGLAND,2582.96,6230.00,16680.00,19780.00,12700.00,9260.00,4490.00,2890.00,270.00,,72300.00,True
E07000178,Oxford,ENGLAND,2678.40,2970.00,9890.00,19810.00,16320.00,7670.00,3140.00,3370.00,610.00,,63780.00,True
E07000179,South Oxfordshire,ENGLAND,2597.57,2130.00,6070.00,18530.00,15260.00,10980.00,6810.00,6420.00,990.00,,67190.00,True
E07000180,Vale of White Horse,ENGLAND,2577.44,1910.00,6870.00,19390.00,14150.00,10450.00,6620.00,4870.00,490.00,,64750.00,True
E07000181,West Oxfordshire,ENGLAND,2566.95,1690.00,6220.00,17990.00,11950.00,7990.00,4640.00,3100.00,420.00,,53990.00,True
E07000192,Cannock Chase,ENGLAND,2375.83,14120.00,14510.00,8860.00,5680.00,2000.00,660.00,280.00,20.00,,46120.00,True
E07000193,East Staffordshire,ENGLAND,2351.34,18370.00,12310.00,9590.00,6790.00,5160.00,2660.00,1300.00,100.00,,56270.00,True
E07000194,Lichfield,ENGLAND,2351.90,6010.00,11020.00,12460.00,7530.00,5140.00,4030.00,2730.00,430.00,,49330.00,True
E07000195,Newcastle-under-Lyme,ENGLAND,2334.25,24990.00,10910.00,11780.00,4990.00,2910.00,1860.00,1020.00,50.00,,58520.00,True
E07000196,South Staffordshire,ENGLAND,2313.67,6900.00,10910.00,12080.00,7570.00,5600.00,3610.00,2490.00,220.00,,49370.00,True
E07000197,Stafford,ENGLAND,2302.68,12420.00,14480.00,14660.00,10060.00,7020.00,3780.00,1660.00,110.00,,64170.00,True
E07000198,Staffordshire Moorlands,ENGLAND,2338.21,9660.00,10860.00,10880.00,6360.00,4560.00,2020.00,810.00,40.00,,45180.00,True
E07000199,Tamworth,ENGLAND,2300.76,9530.00,12410.00,6180.00,4020.00,2210.00,600.00,130.00,10.00,,35070.00,True
E07000200,Babergh,ENGLAND,2341.55,5220.00,12430.00,9280.00,7820.00,4880.00,2650.00,1800.00,200.00,,44280.00,True
E07000202,Ipswich,ENGLAND,2468.25,19420.00,23220.00,11540.00,4510.00,2370.00,960.00,380.00,20.00,,62410.00,True
E07000203,Mid Suffolk,ENGLAND,2316.88,5950.00,13510.00,11200.00,8080.00,6420.00,3390.00,1740.00,110.00,,50400.00,True
E07000207,Elmbridge,ENGLAND,2557.75,460.00,1890.00,8180.00,14150.00,11310.00,8140.00,11460.00,4550.00,,60130.00,True
E07000208,Epsom and Ewell,ENGLAND,2530.84,160.00,1270.00,5610.00,9290.00,7810.00,4830.00,4180.00,150.00,,33310.00,True
E07000209,Guildford,ENGLAND,2547.30,2290.00,3550.00,12790.00,16940.00,10640.00,6920.00,7590.00,1860.00,,62580.00,True
E07000210,Mole Valley,ENGLAND,2519.86,1690.00,2740.00,4520.00,8420.00,7240.00,6310.00,7830.00,1080.00,,39830.00,True
E07000211,Reigate and Banstead,ENGLAND,2566.61,1230.00,4270.00,13130.00,18260.00,11660.00,7700.00,7540.00,1140.00,,64930.00,True
E07000212,Runnymede,ENGLAND,2492.99,2500.00,1610.00,8040.00,11690.00,6950.00,4300.00,3230.00,1140.00,,39460.00,True
E07000213,Spelthorne,ENGLAND,2526.44,460.00,1790.00,10140.00,15180.00,10110.00,4730.00,2200.00,120.00,,44730.00,True
E07000214,Surrey Heath,ENGLAND,2585.16,740.00,2650.00,6380.00,10230.00,6900.00,5940.00,5330.00,540.00,,38700.00,True
E07000215,Tandridge,ENGLAND,2594.85,940.00,2230.00,5440.00,9130.00,7870.00,4940.00,6400.00,1290.00,,38240.00,True
E07000216,Waverley,ENGLAND,2604.87,1030.00,3480.00,10920.00,13590.00,10110.00,7380.00,8910.00,2180.00,,57590.00,True
E07000217,Woking,ENGLAND,2598.04,340.00,3620.00,11320.00,12600.00,6360.00,4240.00,5260.00,830.00,,44560.00,True
E07000218,North Warwickshire,ENGLAND,2532.10,6750.00,7510.00,6520.00,4060.00,2610.00,1420.00,790.00,80.00,,29740.00,True
E07000219,Nuneaton and Bedworth,ENGLAND,2502.16,20960.00,13710.00,14700.00,7910.00,3180.00,870.00,200.00,20.00,,61530.00,True
E07000220,Rugby,ENGLAND,2483.05,9090.00,12130.00,12530.00,7400.00,5280.00,3530.00,1910.00,110.00,,51990.00,True
E07000221,Stratford-on-Avon,ENGLAND,2484.17,3850.00,8630.00,18950.00,11350.00,10780.00,6850.00,5980.00,1000.00,,67380.00,True
E07000222,Warwick,ENGLAND,2461.55,5040.00,12630.00,18940.00,13730.00,8520.00,5700.00,4720.00,460.00,,69750.00,True
E07000223,Adur,ENGLAND,2548.28,2780.00,5110.00,11580.00,6340.00,2050.00,760.00,340.00,10.00,,28980.00,True
E07000224,Arun,ENGLAND,2487.24,8520.00,12990.00,21180.00,16680.00,10930.00,6350.00,2800.00,310.00,,79760.00,True
E07000225,Chichester,ENGLAND,2469.68,3350.00,6540.00,15290.00,13040.00,9560.00,6440.00,6020.00,1360.00,,61610.00,True
E07000226,Crawley,ENGLAND,2418.46,1300.00,7670.00,22570.00,9100.00,3820.00,2350.00,470.00,10.00,,47290.00,True
E07000227,Horsham,ENGLAND,2441.01,2440.00,6790.00,14020.00,14410.00,11640.00,8560.00,8080.00,840.00,,66760.00,True
E07000228,Mid Sussex,ENGLAND,2474.26,2340.00,7790.00,15320.00,17830.00,12370.00,9200.00,5050.00,450.00,,70340.00,True
E07000229,Worthing,ENGLAND,2456.13,8370.00,11640.00,13190.00,9760.00,5610.00,2450.00,930.00,30.00,,51980.00,True
E07000234,Bromsgrove,ENGLAND,2478.65,3950.00,7460.00,9350.00,8060.00,7220.00,3850.00,2920.00,380.00,,43190.00,True
E07000235,Malvern Hills,ENGLAND,2450.92,4100.00,7690.00,8820.00,5980.00,5370.00,4150.00,2550.00,130.00,,38780.00,True
E07000236,Redditch,ENGLAND,2462.95,8040.00,12220.00,7970.00,4490.00,3450.00,1290.00,480.00,20.00,,37960.00,True
E07000237,Worcester,ENGLAND,2405.81,9010.00,15430.00,12030.00,5670.00,3590.00,1620.00,450.00,10.00,,47800.00,True
E07000238,Wychavon,ENGLAND,2373.19,7180.00,12070.00,14580.00,8550.00,7890.00,6900.00,4850.00,230.00,,62250.00,True
E07000239,Wyre Forest,ENGLAND,2512.47,11730.00,11960.00,12080.00,6540.00,3610.00,1800.00,1300.00,140.00,,49150.00,True
E07000240,St Albans,ENGLAND,2419.22,880.00,3220.00,10530.00,16530.00,13100.00,9530.00,8270.00,1410.00,,63480.00,True
E07000241,Welwyn Hatfield,ENGLAND,2452.26,1250.00,5850.00,16360.00,12550.00,5590.00,4500.00,3960.00,750.00,,50790.00,True
E07000242,East Hertfordshire,ENGLAND,2454.78,1000.00,6460.00,16520.00,17010.00,12070.00,8140.00,5950.00,870.00,,68010.00,True
E07000243,Stevenage,ENGLAND,2391.97,1700.00,6890.00,21760.00,3380.00,3280.00,980.00,430.00,20.00,,38440.00,True
E07000244,East Suffolk,ENGLAND,2334.80,28230.00,31230.00,23810.00,18810.00,11760.00,5650.00,3070.00,250.00,,122810.00,True
E07000245,West Suffolk,ENGLAND,2351.47,12730.00,29030.00,17370.00,12390.00,7410.00,3050.00,2100.00,200.00,,84280.00,True
E08000001,Bolton,ENGLAND,2399.74,65640.00,22820.00,18990.00,11000.00,5820.00,2370.00,1930.00,250.00,,128800.00,True
E08000002,Bury,ENGLAND,2555.15,30710.00,18680.00,17540.00,9380.00,5700.00,1900.00,1320.00,180.00,,85410.00,True
E08000003,Manchester,ENGLAND,2312.04,137810.00,43100.00,38170.00,21260.00,7640.00,3400.00,1270.00,150.00,,252810.00,True
E08000004,Oldham,ENGLAND,2602.23,51140.00,17700.00,16730.00,7310.00,3540.00,1630.00,940.00,80.00,,99070.00,True
E08000005,Rochdale,ENGLAND,2600.83,51910.00,17400.00,13280.00,8260.00,4580.00,1710.00,900.00,50.00,,98100.00,True
E08000006,Salford,ENGLAND,2594.45,63640.00,31220.00,22180.00,12350.00,3910.00,1490.00,880.00,110.00,,135780.00,True
E08000007,Stockport,ENGLAND,2618.90,31820.00,29160.00,28940.00,19920.00,13320.00,6570.00,3620.00,230.00,,133580.00,True
E08000008,Tameside,ENGLAND,2447.21,53040.00,19680.00,20250.00,7290.00,4000.00,950.00,450.00,40.00,,105700.00,True
E08000009,Trafford,ENGLAND,2291.70,20050.00,23020.00,27720.00,15590.00,7940.00,4690.00,4230.00,1070.00,,104300.00,True
E08000010,Wigan,ENGLAND,2152.68,68940.00,34800.00,25810.00,13480.00,7730.00,2030.00,650.00,60.00,,153490.00,True
E08000011,Knowsley,ENGLAND,2488.25,38180.00,15340.00,10660.00,5000.00,2110.00,330.00,130.00,20.00,,71770.00,True
E08000012,Liverpool,ENGLAND,2673.59,143680.00,44920.00,29870.00,14000.00,5140.00,2360.00,1760.00,150.00,,241880.00,True
E08000013,St. Helens,ENGLAND,2403.38,37850.00,19360.00,15770.00,7030.00,3810.00,1690.00,600.00,40.00,,86150.00,True
E08000014,Sefton,ENGLAND,2583.22,39990.00,28250.00,31380.00,15840.00,8930.00,3990.00,2740.00,290.00,,131400.00,True
E08000015,Wirral,ENGLAND,2500.59,61080.00,33140.00,27740.00,13690.00,8580.00,4390.00,3220.00,290.00,,152120.00,True
E08000016,Barnsley,ENGLAND,2325.96,65310.00,19340.00,14570.00,9790.00,4190.00,1630.00,710.00,60.00,,115610.00,True
E08000017,Doncaster,ENGLAND,2167.75,82760.00,27200.00,16270.00,10220.00,4900.00,2280.00,980.00,140.00,,144760.00,True
E08000018,Rotherham,ENGLAND,2381.53,64280.00,24200.00,16130.00,9790.00,5070.00,2010.00,810.00,70.00,,122350.00,True
E08000019,Sheffield,ENGLAND,2510.16,152470.00,42460.00,33260.00,16910.00,9780.00,4420.00,2890.00,220.00,,262400.00,True
E08000021,Newcastle upon Tyne,ENGLAND,2542.19,77750.00,21680.00,20520.00,10160.00,5940.00,2640.00,1930.00,140.00,,140760.00,True
E08000022,North Tyneside,ENGLAND,2461.77,50580.00,16240.00,20200.00,8490.00,4540.00,1590.00,380.00,40.00,,102050.00,True
E08000023,South Tyneside,ENGLAND,2434.43,45760.00,10470.00,8880.00,4940.00,1850.00,730.00,340.00,50.00,,73020.00,True
E08000024,Sunderland,ENGLAND,2197.14,80320.00,20110.00,18370.00,10090.00,3780.00,1230.00,700.00,60.00,,134650.00,True
E08000025,Birmingham,ENGLAND,2362.90,164600.00,132630.00,85230.00,44530.00,23130.00,9140.00,5960.00,930.00,,466150.00,True
E08000026,Coventry,ENGLAND,2516.72,63820.00,44330.00,25210.00,10750.00,5230.00,2610.00,1490.00,190.00,,153630.00,True
E08000027,Dudley,ENGLAND,2144.84,43610.00,40300.00,31110.00,16400.00,7150.00,2530.00,980.00,140.00,,142230.00,True
E08000028,Sandwell,ENGLAND,2244.46,59230.00,44650.00,21640.00,7680.00,2990.00,550.00,70.00,40.00,,136860.00,True
E08000029,Solihull,ENGLAND,2197.26,14590.00,12510.00,23390.00,17700.00,12200.00,9260.00,5820.00,490.00,,95950.00,True
E08000030,Walsall,ENGLAND,2627.48,52370.00,27810.00,18930.00,10490.00,5680.00,2420.00,860.00,60.00,,118620.00,True
E08000031,Wolverhampton,ENGLAND,2538.99,57530.00,25570.00,17660.00,7370.00,3150.00,1730.00,1000.00,130.00,,114130.00,True
E08000032,Bradford,ENGLAND,2360.73,92730.00,46940.00,41630.00,19000.00,13330.00,6260.00,3820.00,330.00,,224030.00,True
E08000033,Calderdale,ENGLAND,2420.15,44900.00,18530.00,16060.00,7730.00,5630.00,3150.00,1380.00,60.00,,97430.00,True
E08000034,Kirklees,ENGLAND,2441.07,86120.00,35310.00,33310.00,17860.00,12720.00,5720.00,2330.00,170.00,,193530.00,True
E08000035,Leeds,ENGLAND,2283.73,143230.00,80140.00,73400.00,38150.00,22930.00,10740.00,7490.00,760.00,,376840.00,True
E08000036,Wakefield,ENGLAND,2296.89,79970.00,31330.00,24780.00,16330.00,8860.00,2600.00,1230.00,100.00,,165190.00,True
E08000037,Gateshead,ENGLAND,2715.81,56090.00,13230.00,15950.00,6070.00,2780.00,900.00,390.00,50.00,,95480.00,True
E09000001,City of London,ENGLAND,1329.56,,350.00,690.00,950.00,2890.00,1390.00,1500.00,310.00,,8080.00,True
E09000002,Barking and Dagenham,ENGLAND,2198.51,6030.00,12420.00,50340.00,10770.00,1800.00,390.00,50.00,10.00,,81800.00,True
E09000003,Barnet,ENGLAND,2132.60,3420.00,9570.00,32530.00,39640.00,33920.00,20370.00,16820.00,4350.00,,160620.00,True
E09000004,Bexley,ENGLAND,2366.36,4350.00,11380.00,31230.00,28140.00,19550.00,5290.00,1750.00,50.00,,101750.00,True
E09000005,Brent,ENGLAND,2235.27,6090.00,14040.00,41900.00,39340.00,23430.00,6590.00,3460.00,250.00,,135110.00,True
E09000006,Bromley,ENGLAND,2140.04,2100.00,10590.00,30460.00,36460.00,29550.00,18580.00,14120.00,1750.00,,143600.00,True
E09000007,Camden,ENGLAND,2207.55,3380.00,12270.00,20780.00,26560.00,19820.00,12950.00,13140.00,4940.00,,113830.00,True
E09000008,Croydon,ENGLAND,2599.91,4450.00,24400.00,52850.00,42340.00,24140.00,11860.00,7520.00,660.00,,168220.00,True
E09000009,Ealing,ENGLAND,2138.53,5200.00,14970.00,36980.00,48680.00,25200.00,10520.00,7200.00,1060.00,,149800.00,True
E09000010,Enfield,ENGLAND,2267.67,5420.00,12400.00,35190.00,37170.00,21550.00,9590.00,6050.00,1020.00,,128400.00,True
E09000011,Greenwich,ENGLAND,2107.86,10790.00,22200.00,45460.00,27100.00,12850.00,4010.00,2280.00,360.00,,125040.00,True
E09000012,Hackney,ENGLAND,2060.30,8170.00,31670.00,35990.00,25200.00,13500.00,4950.00,1320.00,50.00,,120850.00,True
E09000013,Hammersmith and Fulham,ENGLAND,1519.51,4120.00,6630.00,14510.00,25920.00,17400.00,11330.00,12270.00,2940.00,,95120.00,True
E09000014,Haringey,ENGLAND,2313.78,7700.00,19400.00,36160.00,28640.00,11700.00,5540.00,4800.00,750.00,,114700.00,True
E09000015,Harrow,ENGLAND,2511.07,840.00,4470.00,22800.00,30020.00,22620.00,8550.00,6220.00,1320.00,,96860.00,True
E09000016,Havering,ENGLAND,2424.66,5300.00,11080.00,29790.00,36200.00,16040.00,6770.00,3140.00,380.00,,108680.00,True
E09000017,Hillingdon,ENGLAND,2045.46,1270.00,6550.00,28300.00,47450.00,18810.00,10050.00,5340.00,490.00,,118260.00,True
E09000018,Hounslow,ENGLAND,2185.56,2560.00,9560.00,30620.00,40720.00,16350.00,6370.00,4120.00,1030.00,,111320.00,True
E09000019,Islington,ENGLAND,2108.15,4660.00,6180.00,29760.00,33560.00,19520.00,10380.00,7300.00,960.00,,112320.00,True
E09000020,Kensington and Chelsea,ENGLAND,1666.65,1460.00,3310.00,9370.00,14110.00,13410.00,12210.00,19930.00,15480.00,,89280.00,True
E09000021,Kingston upon Thames,ENGLAND,2609.20,630.00,3420.00,16020.00,21010.00,15050.00,8770.00,4460.00,1080.00,,70440.00,True
E09000022,Lambeth,ENGLAND,2047.11,5020.00,33450.00,42330.00,33160.00,16550.00,10820.00,5960.00,1180.00,,148470.00,True
E09000023,Lewisham,ENGLAND,2237.33,9280.00,36440.00,48040.00,27670.00,8060.00,2820.00,1360.00,190.00,,133860.00,True
E09000024,Merton,ENGLAND,2146.76,1190.00,8590.00,24140.00,28360.00,13540.00,5940.00,4180.00,1850.00,,87780.00,True
E09000025,Newham,ENGLAND,1944.23,5570.00,34340.00,56120.00,26900.00,7220.00,2210.00,240.00,40.00,,132640.00,True
E09000026,Redbridge,ENGLAND,2294.58,2790.00,14100.00,27920.00,32140.00,19750.00,7820.00,3320.00,220.00,,108060.00,True
E09000027,Richmond upon Thames,ENGLAND,2486.10,600.00,2180.00,13480.00,20700.00,19770.00,12160.00,13290.00,3640.00,,85810.00,True
E09000028,Southwark,ENGLAND,1967.26,13220.00,38050.00,35710.00,28440.00,21540.00,7920.00,4590.00,830.00,,150300.00,True
E09000029,Sutton,ENGLAND,2378.64,990.00,8050.00,28300.00,24800.00,12950.00,7110.00,3780.00,290.00,,86270.00,True
E09000030,Tower Hamlets,ENGLAND,1837.78,4500.00,25040.00,40570.00,32250.00,27010.00,14280.00,5570.00,780.00,,150000.00,True
E09000031,Waltham Forest,ENGLAND,2386.96,5230.00,32380.00,39150.00,23440.00,8390.00,1850.00,440.00,30.00,,110900.00,True
E09000032,Wandsworth,ENGLAND,1028.21,6560.00,13280.00,37340.00,35080.00,26990.00,20450.00,15230.00,3040.00,,157970.00,True
E09000033,Westminster,ENGLAND,1049.55,1660.00,6460.00,15690.00,23130.00,24460.00,19180.00,24500.00,17190.00,,132280.00,True
N09000001,Antrim and Newtownabbey,NORTHERN_IRELAND,,,,,,,,,,,,False
N09000002,"Armagh City, Banbridge and Craigavon",NORTHERN_IRELAND,,,,,,,,,,,,False
N09000003,Belfast,NORTHERN_IRELAND,,,,,,,,,,,,False
N09000004,Causeway Coast and Glens,NORTHERN_IRELAND,,,,,,,,,,,,False
N09000005,Derry City and Strabane,NORTHERN_IRELAND,,,,,,,,,,,,False
N09000006,Fermanagh and Omagh,NORTHERN_IRELAND,,,,,,,,,,,,False
N09000007,Lisburn and Castlereagh,NORTHERN_IRELAND,,,,,,,,,,,,False
N09000008,Mid and East Antrim,NORTHERN_IRELAND,,,,,,,,,,,,False
N09000009,Mid Ulster,NORTHERN_IRELAND,,,,,,,,,,,,False
N09000010,"Newry, Mourne and Down",NORTHERN_IRELAND,,,,,,,,,,,,False
S12000005,Clackmannanshire,SCOTLAND,1594.38,,,,,,,,,,,True
S12000006,Dumfries and Galloway,SCOTLAND,1454.98,,,,,,,,,,,True
S12000008,East Ayrshire,SCOTLAND,1606.44,,,,,,,,,,,True
S12000010,East Lothian,SCOTLAND,1579.18,,,,,,,,,,,True
S12000011,East Renfrewshire,SCOTLAND,1528.44,,,,,,,,,,,True
S12000013,Na h-Eileanan Siar,SCOTLAND,1387.56,,,,,,,,,,,True
S12000014,Falkirk,SCOTLAND,1576.77,,,,,,,,,,,True
S12000017,Highland,SCOTLAND,1527.09,,,,,,,,,,,True
S12000018,Inverclyde,SCOTLAND,1551.30,,,,,,,,,,,True
S12000019,Midlothian,SCOTLAND,1666.20,,,,,,,,,,,True
S12000020,Moray,SCOTLAND,1573.76,,,,,,,,,,,True
S12000021,North Ayrshire,SCOTLAND,1553.77,,,,,,,,,,,True
S12000023,Orkney Islands,SCOTLAND,1574.60,,,,,,,,,,,True
S12000026,Scottish Borders,SCOTLAND,1491.72,,,,,,,,,,,True
S12000027,Shetland Islands,SCOTLAND,1386.67,,,,,,,,,,,True
S12000028,South Ayrshire,SCOTLAND,1569.41,,,,,,,,,,,True
S12000029,South Lanarkshire,SCOTLAND,1378.85,,,,,,,,,,,True
S12000030,Stirling,SCOTLAND,1611.78,,,,,,,,,,,True
S12000033,Aberdeen City,SCOTLAND,1636.27,,,,,,,,,,,True
S12000034,Aberdeenshire,SCOTLAND,1532.76,,,,,,,,,,,True
S12000035,Argyll and Bute,SCOTLAND,1625.64,,,,,,,,,,,True
S12000036,City of Edinburgh,SCOTLAND,1563.51,,,,,,,,,,,True
S12000038,Renfrewshire,SCOTLAND,1572.61,,,,,,,,,,,True
S12000039,West Dunbartonshire,SCOTLAND,1559.86,,,,,,,,,,,True
S12000040,West Lothian,SCOTLAND,1515.45,,,,,,,,,,,True
S12000041,Angus,SCOTLAND,1461.52,,,,,,,,,,,True
S12000042,Dundee City,SCOTLAND,1605.34,,,,,,,,,,,True
S12000045,East Dunbartonshire,SCOTLAND,1599.70,,,,,,,,,,,True
S12000047,Fife,SCOTLAND,1498.76,,,,,,,,,,,True
S12000048,Perth and Kinross,SCOTLAND,1537.04,,,,,,,,,,,True
S12000049,Glasgow City,SCOTLAND,1611.00,,,,,,,,,,,True
S12000050,North Lanarkshire,SCOTLAND,1452.86,,,,,,,,,,,True
W06000001,Isle of Anglesey,WALES,2260.73,4960.00,6930.00,7210.00,7400.00,5540.00,2770.00,1080.00,170.00,60.0,36120.00,True
W06000002,Gwynedd,WALES,2468.77,9310.00,15800.00,12700.00,10720.00,8300.00,4030.00,1280.00,210.00,90.0,62440.00,True
W06000003,Conwy,WALES,2472.82,5460.00,8340.00,15610.00,11970.00,9300.00,5120.00,1940.00,430.00,160.0,58340.00,True
W06000004,Denbighshire,WALES,2339.03,4160.00,7420.00,14970.00,8050.00,5660.00,3920.00,2060.00,320.00,170.0,46720.00,True
W06000005,Flintshire,WALES,2376.17,4520.00,9640.00,20990.00,13400.00,11140.00,7830.00,3230.00,600.00,220.0,71570.00,True
W06000006,Wrexham,WALES,2308.88,4510.00,12770.00,17250.00,10350.00,8270.00,5190.00,2570.00,720.00,290.0,61910.00,True
W06000008,Ceredigion,WALES,2419.45,1780.00,5000.00,7730.00,7570.00,9180.00,3890.00,980.00,110.00,20.0,36260.00,True
W06000009,Pembrokeshire,WALES,2166.15,6730.00,9460.00,14520.00,11520.00,12550.00,6070.00,2120.00,340.00,100.0,63400.00,True
W06000010,Carmarthenshire,WALES,2351.20,9370.00,24550.00,18930.00,14700.00,13440.00,6700.00,2260.00,300.00,70.0,90310.00,True
W06000011,Swansea,WALES,2238.29,17730.00,28650.00,25020.00,17330.00,13200.00,8180.00,3880.00,1200.00,540.0,115730.00,True
W06000012,Neath Port Talbot,WALES,2541.39,13830.00,27500.00,11720.00,7430.00,4580.00,1530.00,540.00,110.00,20.0,67260.00,True
W06000013,Bridgend,WALES,2477.99,10600.00,15370.00,14840.00,11050.00,8020.00,4480.00,1510.00,300.00,110.0,66280.00,True
W06000014,Vale of Glamorgan,WALES,2231.54,1510.00,6680.00,14520.00,11910.00,10790.00,7740.00,5920.00,2270.00,1060.0,62400.00,True
W06000015,Cardiff,WALES,2013.18,5320.00,20420.00,34920.00,37370.00,31540.00,22250.00,10590.00,2850.00,1480.0,166750.00,True
W06000016,Rhondda Cynon Taf,WALES,2289.43,47080.00,25500.00,17510.00,9660.00,7140.00,3520.00,1190.00,200.00,70.0,111860.00,True
W06000018,Caerphilly,WALES,2082.88,15550.00,26890.00,18930.00,9540.00,6840.00,2430.00,840.00,90.00,80.0,81190.00,True
W06000019,Blaenau Gwent,WALES,2531.26,19200.00,8160.00,2730.00,1810.00,900.00,350.00,60.00,,20.0,33230.00,True
W06000020,Torfaen,WALES,2155.68,6300.00,13120.00,12050.00,4350.00,4330.00,2410.00,690.00,70.00,30.0,43340.00,True
W06000021,Monmouthshire,WALES,2416.50,520.00,3450.00,7140.00,9460.00,7660.00,8100.00,5520.00,1790.00,670.0,44300.00,True
W06000022,Newport,WALES,2088.48,6910.00,15400.00,18470.00,12990.00,8560.00,6090.00,2710.00,560.00,190.0,71880.00,True
W06000023,Powys,WALES,2351.72,6090.00,9440.00,13330.00,10630.00,12660.00,9740.00,4180.00,580.00,210.0,66870.00,True
W06000024,Merthyr Tydfil,WALES,2593.60,14150.00,6680.00,2270.00,2210.00,1560.00,580.00,160.00,,10.0,27620.00,True
