Variable,2020,2021,2022,2023,2024,2025,2026,2027,2028,2029,2030,2031,2032,2033,2034
afcs_reported,0,0.04,0.0907,0.073,0.025,0.034,0.023,0.02,0.02,0.02,0.02,0.02,0.02,0.02,0.02
alcohol_and_tobacco_consumption,0,0.04,0.0907,0.073,0.025,0.034,0.023,0.02,0.02,0.02,0.02,0.02,0.02,0.02,0.02
bsp_reported,0,0.04,0.0907,0.073,0.025,0.034,0.023,0.02,0.02,0.02,0.02,0.02,0.02,0.02,0.02
bus_fare_spending,0,0.04,0.0907,0.073,0.025,0.034,0.023,0.02,0.02,0.02,0.02,0.02,0.02,0.02,0.02
bus_fare_spending_reported,0,0.04,0.0907,0.073,0.025,0.034,0.023,0.02,0.02,0.02,0.02,0.02,0.02,0.02,0.02
capital_gains,0,0.0892,0.1019,0.053201,0.0372,0.0438,0.0292,0.0323,0.031,0.0296,0.0315,0.0315,0.0315,0.0315,0.0315
capital_gains_badr,0,0.0892,0.1019,0.053201,0.0372,0.0438,0.0292,0.0323,0.031,0.0296,0.0315,0.0315,0.0315,0.0315,0.0315
capital_gains_before_response,0,0.0892,0.1019,0.053201,0.0372,0.0438,0.0292,0.0323,0.031,0.0296,0.0315,0.0315,0.0315,0.0315,0.0315
capital_gains_carried_interest,0,0.0892,0.1019,0.053201,0.0372,0.0438,0.0292,0.0323,0.031,0.0296,0.0315,0.0315,0.0315,0.0315,0.0315
capital_gains_residential_property,0,0.0892,0.1019,0.053201,0.0372,0.0438,0.0292,0.0323,0.031,0.0296,0.0315,0.0315,0.0315,0.0315,0.0315
carers_allowance_reported,0,0.04,0.0907,0.073,0.025,0.034,0.023,0.02,0.02,0.02,0.02,0.02,0.02,0.02,0.02
child_benefit_reported,0,0.04,0.0907,0.073,0.025,0.034,0.023,0.02,0.02,0.02,0.02,0.02,0.02,0.02,0.02
child_tax_credit_reported,0,0.04,0.0907,0.073,0.025,0.034,0.023,0.02,0.02,0.02,0.02,0.02,0.02,0.02,0.02
childcare_expenses,0,0.04,0.0907,0.073,0.025,0.034,0.023,0.02,0.02,0.02,0.02,0.02,0.02,0.02,0.02
clothing_and_footwear_consumption,0,0.04,0.0907,0.073,0.025,0.034,0.023,0.02,0.02,0.02,0.02,0.02,0.02,0.02,0.02
communication_consumption,0,0.04,0.0907,0.073,0.025,0.034,0.023,0.02,0.02,0.02,0.02,0.02,0.02,0.02,0.02
corporate_wealth,0,0.0892,0.1019,0.053201,0.0372,0.0438,0.0292,0.0323,0.031,0.0296,0.0315,0.0315,0.0315,0.0315,0.0315
diesel_spending,0,0.13844,0.378832,-0.019414,0.032532,-0.031227,-0.020985,-0.031575,-0.030681,-0.04271,-0.052237,0.0,0.0,0.0,0.0
dividend_income,0,0.0892,0.1019,0.053201,0.0372,0.0438,0.0292,0.0323,0.031,0.0296,0.0315,0.0315,0.0315,0.0315,0.0315
domestic_rates,0,0.0066,0.0132,0.063,0.0491,0.047401,0.0433,0.0433,0.043301,0.0433,0.0433,0.0433,0.0433,0.0433,0.0433
education_consumption,0,0.04,0.0907,0.073,0.025,0.034,0.023,0.02,0.02,0.02,0.02,0.02,0.02,0.02,0.02
employee_pension_contributions,0,0.059,0.0614,0.0622,0.051,0.052999,0.034001,0.024,0.021,0.022,0.024,0.0332,0.0371,0.0374,0.0377
employer_pension_contributions,0,0.059,0.0614,0.0622,0.051,0.052999,0.034001,0.024,0.021,0.022,0.024,0.0332,0.0371,0.0374,0.0377
employment_income,0,0.059,0.0614,0.0622,0.051,0.052999,0.034001,0.024,0.021,0.022,0.024,0.0332,0.0371,0.0374,0.0377
employment_income_before_lsr,0,0.059,0.0614,0.0622,0.051,0.052999,0.034001,0.024,0.021,0.022,0.024,0.0332,0.0371,0.0374,0.0377
esa_contrib_reported,0,0.04,0.0907,0.073,0.025,0.034,0.023,0.02,0.02,0.02,0.02,0.02,0.02,0.02,0.02
esa_income_reported,0,0.04,0.0907,0.073,0.025,0.034,0.023,0.02,0.02,0.02,0.02,0.02,0.02,0.02,0.02
food_and_non_alcoholic_beverages_consumption,0,0.04,0.0907,0.073,0.025,0.034,0.023,0.02,0.02,0.02,0.02,0.02,0.02,0.02,0.02
free_school_fruit_veg,0,0.04,0.0907,0.073,0.025,0.034,0.023,0.02,0.02,0.02,0.02,0.02,0.02,0.02,0.02
free_school_meals,0,0.04,0.0907,0.073,0.025,0.034,0.023,0.02,0.02,0.02,0.02,0.02,0.02,0.02,0.02
free_school_milk,0,0.04,0.0907,0.073,0.025,0.034,0.023,0.02,0.02,0.02,0.02,0.02,0.02,0.02,0.02
gross_financial_wealth,0,0.0892,0.1019,0.053201,0.0372,0.0438,0.0292,0.0323,0.031,0.0296,0.0315,0.0315,0.0315,0.0315,0.0315
health_consumption,0,0.04,0.0907,0.073,0.025,0.034,0.023,0.02,0.02,0.02,0.02,0.02,0.02,0.02,0.02
household_furnishings_consumption,0,0.04,0.0907,0.073,0.025,0.034,0.023,0.02,0.02,0.02,0.02,0.02,0.02,0.02,0.02
household_lifetime_isa_balance,0,0.0892,0.1019,0.053201,0.0372,0.0438,0.0292,0.0323,0.031,0.0296,0.0315,0.0315,0.0315,0.0315,0.0315
household_weight,0,0.0,0.003,0.013958,0.009833,0.011685,0.006737,0.007648,0.003795,0.005671,0.0,0.0,0.0,0.0,0.0
housing_benefit_reported,0,0.04,0.0907,0.073,0.025,0.034,0.023,0.02,0.02,0.02,0.02,0.02,0.02,0.02,0.02
housing_water_and_electricity_consumption,0,0.04,0.0907,0.073,0.025,0.034,0.023,0.02,0.02,0.02,0.02,0.02,0.02,0.02,0.02
iidb_reported,0,0.04,0.0907,0.073,0.025,0.034,0.023,0.02,0.02,0.02,0.02,0.02,0.02,0.02,0.02
incapacity_benefit_reported,0,0.04,0.0907,0.073,0.025,0.034,0.023,0.02,0.02,0.02,0.02,0.02,0.02,0.02,0.02
income_support_reported,0,0.04,0.0907,0.073,0.025,0.034,0.023,0.02,0.02,0.02,0.02,0.02,0.02,0.02,0.02
jsa_contrib_reported,0,0.04,0.0907,0.073,0.025,0.034,0.023,0.02,0.02,0.02,0.02,0.02,0.02,0.02,0.02
jsa_income_reported,0,0.04,0.0907,0.073,0.025,0.034,0.023,0.02,0.02,0.02,0.02,0.02,0.02,0.02,0.02
lifetime_isa_balance,0,0.0892,0.1019,0.053201,0.0372,0.0438,0.0292,0.0323,0.031,0.0296,0.0315,0.0315,0.0315,0.0315,0.0315
lump_sum_income,0,0.0892,0.1019,0.053201,0.0372,0.0438,0.0292,0.0323,0.031,0.0296,0.0315,0.0315,0.0315,0.0315,0.0315
main_residence_value,0,0.0892,0.1019,0.053201,0.0372,0.0438,0.0292,0.0323,0.031,0.0296,0.0315,0.0315,0.0315,0.0315,0.0315
maintenance_expenses,0,0.04,0.0907,0.073,0.025,0.034,0.023,0.02,0.02,0.02,0.02,0.02,0.02,0.02,0.02
maintenance_income,0,0.0892,0.1019,0.053201,0.0372,0.0438,0.0292,0.0323,0.031,0.0296,0.0315,0.0315,0.0315,0.0315,0.0315
maternity_allowance_reported,0,0.04,0.0907,0.073,0.025,0.034,0.023,0.02,0.02,0.02,0.02,0.02,0.02,0.02,0.02
miscellaneous_consumption,0,0.04,0.0907,0.073,0.025,0.034,0.023,0.02,0.02,0.02,0.02,0.02,0.02,0.02,0.02
miscellaneous_income,0,0.0892,0.1019,0.053201,0.0372,0.0438,0.0292,0.0323,0.031,0.0296,0.0315,0.0315,0.0315,0.0315,0.0315
mortgage_capital_repayment,0,0.0892,0.1019,0.053201,0.0372,0.0438,0.0292,0.0323,0.031,0.0296,0.0315,0.0315,0.0315,0.0315,0.0315
mortgage_interest_repayment,0,-0.0226,0.1462,0.522399,0.273,0.0952,0.0797,0.104,0.0476,0.0468,0.0553,0.0553,0.0553,0.0553,0.0553
net_financial_wealth,0,0.0892,0.1019,0.053201,0.0372,0.0438,0.0292,0.0323,0.031,0.0296,0.0315,0.0315,0.0315,0.0315,0.0315
non_residential_property_value,0,0.0892,0.1019,0.053201,0.0372,0.0438,0.0292,0.0323,0.031,0.0296,0.0315,0.0315,0.0315,0.0315,0.0315
other_investment_income,0,0.0892,0.1019,0.053201,0.0372,0.0438,0.0292,0.0323,0.031,0.0296,0.0315,0.0315,0.0315,0.0315,0.0315
other_residential_property_value,0,0.0892,0.1019,0.053201,0.0372,0.0438,0.0292,0.0323,0.031,0.0296,0.0315,0.0315,0.0315,0.0315,0.0315
owned_land,0,0.0892,0.1019,0.053201,0.0372,0.0438,0.0292,0.0323,0.031,0.0296,0.0315,0.0315,0.0315,0.0315,0.0315
pension_credit_reported,0,0.04,0.0907,0.073,0.025,0.034,0.023,0.02,0.02,0.02,0.02,0.02,0.02,0.02,0.02
pension_credit_reported_capital,0,0.0892,0.1019,0.053201,0.0372,0.0438,0.0292,0.0323,0.031,0.0296,0.0315,0.0315,0.0315,0.0315,0.0315
pension_income,0,0.0892,0.1019,0.053201,0.0372,0.0438,0.0292,0.0323,0.031,0.0296,0.0315,0.0315,0.0315,0.0315,0.0315
personal_pension_contributions,0,0.059,0.0614,0.0622,0.051,0.052999,0.034001,0.024,0.021,0.022,0.024,0.0332,0.0371,0.0374,0.0377
petrol_spending,0,0.104066,0.4805,0.098505,-0.147372,-0.031227,-0.020986,-0.031575,-0.030681,-0.04271,-0.052237,0.0,0.0,0.0,0.0
private_pension_income,0,0.003,0.05,0.05,0.05,0.0359,0.041,0.031,0.030001,0.027999,0.029001,0.023,0.023,0.0237,0.0238
private_pension_wealth,0,0.0892,0.1019,0.053201,0.0372,0.0438,0.0292,0.0323,0.031,0.0296,0.0315,0.0315,0.0315,0.0315,0.0315
private_transfer_income,0,0.0892,0.1019,0.053201,0.0372,0.0438,0.0292,0.0323,0.031,0.0296,0.0315,0.0315,0.0315,0.0315,0.0315
property_income,0,0.0892,0.1019,0.053201,0.0372,0.0438,0.0292,0.0323,0.031,0.0296,0.0315,0.0315,0.0315,0.0315,0.0315
recreation_consumption,0,0.04,0.0907,0.073,0.025,0.034,0.023,0.02,0.02,0.02,0.02,0.02,0.02,0.02,0.02
restaurants_and_hotels_consumption,0,0.04,0.0907,0.073,0.025,0.034,0.023,0.02,0.02,0.02,0.02,0.02,0.02,0.02,0.02
savings,0,0.0892,0.1019,0.053201,0.0372,0.0438,0.0292,0.0323,0.031,0.0296,0.0315,0.0315,0.0315,0.0315,0.0315
savings_interest_income,0,0.0892,0.1019,0.053201,0.0372,0.0438,0.0292,0.0323,0.031,0.0296,0.0315,0.0315,0.0315,0.0315,0.0315
sda_reported,0,0.04,0.0907,0.073,0.025,0.034,0.023,0.02,0.02,0.02,0.02,0.02,0.02,0.02,0.02
self_employment_income,0,0.0635,0.0296,-0.006,0.027299,0.0069,0.0306,0.0371,0.0364,0.0353,0.0361,0.0361,0.0361,0.0361,0.0361
state_pension,0,0.04,0.0907,0.073,0.025,0.034,0.023,0.02,0.02,0.02,0.02,0.02,0.02,0.02,0.02
state_pension_reported,0,0.04,0.0907,0.073,0.025,0.034,0.023,0.02,0.02,0.02,0.02,0.02,0.02,0.02,0.02
statutory_maternity_pay,0,0.04,0.0907,0.073,0.025,0.034,0.023,0.02,0.02,0.02,0.02,0.02,0.02,0.02,0.02
statutory_paternity_pay,0,0.04,0.0907,0.073,0.025,0.034,0.023,0.02,0.02,0.02,0.02,0.02,0.02,0.02,0.02
statutory_sick_pay,0,0.04,0.0907,0.073,0.025,0.034,0.023,0.02,0.02,0.02,0.02,0.02,0.02,0.02,0.02
student_loan_repayments,0,0.059,0.0614,0.0622,0.051,0.052999,0.034001,0.024,0.021,0.022,0.024,0.0332,0.0371,0.0374,0.0377
sublet_income,0,0.0892,0.1019,0.053201,0.0372,0.0438,0.0292,0.0323,0.031,0.0296,0.0315,0.0315,0.0315,0.0315,0.0315
transport_consumption,0,0.04,0.0907,0.073,0.025,0.034,0.023,0.02,0.02,0.02,0.02,0.02,0.02,0.02,0.02
universal_credit_reported,0,0.04,0.0907,0.073,0.025,0.034,0.023,0.02,0.02,0.02,0.02,0.02,0.02,0.02,0.02
winter_fuel_allowance_reported,0,0.04,0.0907,0.073,0.025,0.034,0.023,0.02,0.02,0.02,0.02,0.02,0.02,0.02,0.02
working_tax_credit_reported,0,0.04,0.0907,0.073,0.025,0.034,0.023,0.02,0.02,0.02,0.02,0.02,0.02,0.02,0.02
